

ErrorRecord                 : The process cannot access the file 'C:\Temp\HotFixReport.txt' because it is being used by another process.
WasThrownFromThrowStatement : False
Message                     : The process cannot access the file 'C:\Temp\HotFixReport.txt' because it is being used by another process.
Data                        : {System.Management.Automation.Interpreter.InterpretedFrameInfo}
InnerException              : System.IO.IOException: The process cannot access the file 'C:\Temp\HotFixReport.txt' because it is being used by another process.
                                 at System.IO.__Error.WinIOError(Int32 errorCode, String maybeFullPath)
                                 at System.IO.FileStream.Init(String path, FileMode mode, FileAccess access, Int32 rights, Boolean useRights, FileShare share, Int32 bufferSize, FileOptions options, SECURITY_ATTRIBUTES secAttrs, String msgPath, Boolean 
                              bFromProxy, Boolean useLongPath, Boolean checkHost)
                                 at System.IO.FileStream..ctor(String path, FileMode mode, FileAccess access, FileShare share)
                                 at System.Management.Automation.PathUtils.MasterStreamOpen(PSCmdlet cmdlet, String filePath, Encoding resolvedEncoding, Boolean defaultEncoding, Boolean Append, Boolean Force, Boolean NoClobber, FileStream& fileStream, 
                              StreamWriter& streamWriter, FileInfo& readOnlyFileInfo, Boolean isLiteralPath)
TargetSite                  : Void CheckActionPreference(System.Management.Automation.Language.FunctionContext, System.Exception)
StackTrace                  :    at System.Management.Automation.ExceptionHandlingOps.CheckActionPreference(FunctionContext funcContext, Exception exception)
                                 at System.Management.Automation.Interpreter.ActionCallInstruction`2.Run(InterpretedFrame frame)
                                 at System.Management.Automation.Interpreter.EnterTryCatchFinallyInstruction.Run(InterpretedFrame frame)
                                 at System.Management.Automation.Interpreter.EnterTryCatchFinallyInstruction.Run(InterpretedFrame frame)
                                 at System.Management.Automation.Interpreter.Interpreter.Run(InterpretedFrame frame)
                                 at System.Management.Automation.Interpreter.LightLambda.RunVoid1[T0](T0 arg0)
                                 at System.Management.Automation.DlrScriptCommandProcessor.RunClause(Action`1 clause, Object dollarUnderbar, Object inputToProcess)
                              --- End of stack trace from previous location where exception was thrown ---
                                 at System.Runtime.ExceptionServices.ExceptionDispatchInfo.Throw()
                                 at System.Management.109.137.240.75.PipelineProcessor.SynchronousExecuteEnumerate(Object input)
                                 at System.Management.Automation.Runspaces.LocalPipeline.InvokeHelper()
                                 at System.Management.Automation.Runspaces.LocalPipeline.InvokeThreadProc()
HelpLink                    : 
Source                      : System.Management.Automation
HResult                     : -2146233087

PSMessageDetails      : 
Exception             : System.IO.IOException: The process cannot access the file 'C:\Temp\HotFixReport.txt' because it is being used by another process.
                           at System.IO.__Error.WinIOError(Int32 errorCode, String maybeFullPath)
                           at System.IO.FileStream.Init(String path, FileMode mode, FileAccess access, Int32 rights, Boolean useRights, FileShare share, Int32 bufferSize, FileOptions options, SECURITY_ATTRIBUTES secAttrs, String msgPath, Boolean 
                        bFromProxy, Boolean useLongPath, Boolean checkHost)
                           at System.IO.FileStream..ctor(String path, FileMode mode, FileAccess access, FileShare share)
                           at System.Management.Automation.PathUtils.MasterStreamOpen(PSCmdlet cmdlet, String filePath, Encoding resolvedEncoding, Boolean defaultEncoding, Boolean Append, Boolean Force, Boolean NoClobber, FileStream& fileStream, 
                        StreamWriter& streamWriter, FileInfo& readOnlyFileInfo, Boolean isLiteralPath)
TargetObject          : 
CategoryInfo          : OpenError: (:) [Out-File], IOException
FullyQualifiedErrorId : FileOpenFailure,Microsoft.PowerShell.Commands.OutFileCommand
ErrorDetails          : 
InvocationInfo        : System.Management.Automation.InvocationInfo
ScriptStackTrace      : at Hotfixreport, C:\Users\Userqwerty\PowerShell\Functions\Hotfixreport.ps1: line 24
                        at Hotfixreport, C:\Users\Userqwerty\PowerShell\Functions\Hotfixreport.ps1: line 24
                        at <ScriptBlock>, <No file>: line 1
PipelineIterationInfo : {}

PSMessageDetails      : 
Exception             : System.Management.Automation.RuntimeException: The variable '$FS_Credential' cannot be retrieved because it has not been set.
                           at System.Management.Automation.ExceptionHandlingOps.CheckActionPreference(FunctionContext funcContext, Exception exception)
                           at System.Management.Automation.Interpreter.ActionCallInstruction`2.Run(InterpretedFrame frame)
                           at System.Management.Automation.Interpreter.EnterTryCatchFinallyInstruction.Run(InterpretedFrame frame)
                           at System.Management.Automation.Interpreter.EnterTryCatchFinallyInstruction.Run(InterpretedFrame frame)
TargetObject          : FS_Credential
CategoryInfo          : InvalidOperation: (FS_Credential:String) [], RuntimeException
FullyQualifiedErrorId : VariableIsUndefined
ErrorDetails          : 
InvocationInfo        : System.Management.Automation.InvocationInfo
ScriptStackTrace      : at Get-WUAUpdateStatus, C:\Users\Userqwerty\PowerShell\Functions\Get-WUAUpdateStatus.ps1: line 34
                        at <ScriptBlock>, <No file>: line 1
PipelineIterationInfo : {}

PSMessageDetails      : 
Exception             : System.Management.Automation.RuntimeException: The variable '$FS_Credential' cannot be retrieved because it has not been set.
                           at System.Management.Automation.ExceptionHandlingOps.CheckActionPreference(FunctionContext funcContext, Exception exception)
                           at System.Management.Automation.Interpreter.ActionCallInstruction`2.Run(InterpretedFrame frame)
                           at System.Management.Automation.Interpreter.EnterTryCatchFinallyInstruction.Run(InterpretedFrame frame)
                           at System.Management.Automation.Interpreter.EnterTryCatchFinallyInstruction.Run(InterpretedFrame frame)
TargetObject          : FS_Credential
CategoryInfo          : InvalidOperation: (FS_Credential:String) [], RuntimeException
FullyQualifiedErrorId : VariableIsUndefined
ErrorDetails          : 
InvocationInfo        : System.Management.Automation.InvocationInfo
ScriptStackTrace      : at Get-WUAUpdateStatus, C:\Users\Userqwerty\PowerShell\Functions\Get-WUAUpdateStatus.ps1: line 34
                        at <ScriptBlock>, <No file>: line 1
PipelineIterationInfo : {}

PSMessageDetails      : 
Exception             : System.Management.Automation.RuntimeException: The variable '$results' cannot be retrieved because it has not been set.
                           at System.Management.Automation.ExceptionHandlingOps.CheckActionPreference(FunctionContext funcContext, Exception exception)
                           at <ScriptBlock>(Closure , FunctionContext )
                           at System.Management.Automation.ScriptBlock.InvokeWithPipeImpl(ScriptBlockClauseToInvoke clauseToInvoke, Boolean createLocalScope, Dictionary`2 functionsToDefine, List`1 variablesToDefine, ErrorHandlingBehavior 
                        errorHandlingBehavior, Object dollarUnder, Object input, Object scriptThis, Pipe outputPipe, InvocationInfo invocationInfo, Object[] args)
                           at System.Management.Automation.ScriptBlock.<>c__DisplayClass57_0.<InvokeWithPipe>b__0()
                           at System.Management.Automation.Runspaces.RunspaceBase.RunActionIfNoRunningPipelinesWithThreadCheck(Action action)
                           at System.Management.Automation.ScriptBlock.InvokeWithPipe(Boolean useLocalScope, ErrorHandlingBehavior errorHandlingBehavior, Object dollarUnder, Object input, Object scriptThis, Pipe outputPipe, InvocationInfo invocationInfo, 
                        Boolean propagateAllExceptionsToTop, List`1 variablesToDefine, Dictionary`2 functionsToDefine, Object[] args)
                           at System.Management.Automation.ScriptBlock.InvokeUsingCmdlet(Cmdlet contextCmdlet, Boolean useLocalScope, ErrorHandlingBehavior errorHandlingBehavior, Object dollarUnder, Object input, Object scriptThis, Object[] args)
                           at Microsoft.PowerShell.Commands.ForEachObjectCommand.ProcessRecord()
                           at System.Management.Automation.CommandProcessor.ProcessRecord()
TargetObject          : results
CategoryInfo          : InvalidOperation: (results:String) [], RuntimeException
FullyQualifiedErrorId : VariableIsUndefined
ErrorDetails          : 
InvocationInfo        : System.Management.Automation.InvocationInfo
ScriptStackTrace      : at <ScriptBlock>, C:\Users\Userqwerty\PowerShell\Functions\Get-ScheduledTask.ps1: line 82
                        at Get-ScheduledTask, C:\Users\Userqwerty\PowerShell\Functions\Get-ScheduledTask.ps1: line 82
                        at <ScriptBlock>, C:\Users\Userqwerty\PowerShell\Functions\Get-WindowsUpdatesGUI.ps1: line 168
PipelineIterationInfo : {}

PSMessageDetails      : 
Exception             : System.Management.Automation.PSArgumentException: Property WUStatusServer does not exist at path HKEY_LOCAL_MACHINE\Software\Policies\Microsoft\Windows\WindowsUpdate.
TargetObject          : WUStatusServer
CategoryInfo          : InvalidArgument: (WUStatusServer:String) [Get-ItemProperty], PSArgumentException
FullyQualifiedErrorId : System.Management.Automation.PSArgumentException,Microsoft.PowerShell.Commands.GetItemPropertyCommand
ErrorDetails          : 
InvocationInfo        : System.Management.Automation.InvocationInfo
ScriptStackTrace      : at <ScriptBlock>, C:\Users\Userqwerty\PowerShell\Functions\Get-WindowsUpdatesGUI.ps1: line 124
PipelineIterationInfo : {}

PSMessageDetails      : 
Exception             : System.Management.Automation.PSArgumentException: Property WUServer does not exist at path HKEY_LOCAL_MACHINE\Software\Policies\Microsoft\Windows\WindowsUpdate.
TargetObject          : WUServer
CategoryInfo          : InvalidArgument: (WUServer:String) [Get-ItemProperty], PSArgumentException
FullyQualifiedErrorId : System.Management.Automation.PSArgumentException,Microsoft.PowerShell.Commands.GetItemPropertyCommand
ErrorDetails          : 
InvocationInfo        : System.Management.Automation.InvocationInfo
ScriptStackTrace      : at <ScriptBlock>, C:\Users\Userqwerty\PowerShell\Functions\Get-WindowsUpdatesGUI.ps1: line 116
PipelineIterationInfo : {}

PSMessageDetails      : 
Exception             : System.Management.Automation.RuntimeException: The variable '$results' cannot be retrieved because it has not been set.
                           at System.Management.Automation.ExceptionHandlingOps.CheckActionPreference(FunctionContext funcContext, Exception exception)
                           at <ScriptBlock>(Closure , FunctionContext )
                           at System.Management.Automation.ScriptBlock.InvokeWithPipeImpl(ScriptBlockClauseToInvoke clauseToInvoke, Boolean createLocalScope, Dictionary`2 functionsToDefine, List`1 variablesToDefine, ErrorHandlingBehavior 
                        errorHandlingBehavior, Object dollarUnder, Object input, Object scriptThis, Pipe outputPipe, InvocationInfo invocationInfo, Object[] args)
                           at System.Management.Automation.ScriptBlock.<>c__DisplayClass57_0.<InvokeWithPipe>b__0()
                           at System.Management.Automation.Runspaces.RunspaceBase.RunActionIfNoRunningPipelinesWithThreadCheck(Action action)
                           at System.Management.Automation.ScriptBlock.InvokeWithPipe(Boolean useLocalScope, ErrorHandlingBehavior errorHandlingBehavior, Object dollarUnder, Object input, Object scriptThis, Pipe outputPipe, InvocationInfo invocationInfo, 
                        Boolean propagateAllExceptionsToTop, List`1 variablesToDefine, Dictionary`2 functionsToDefine, Object[] args)
                           at System.Management.Automation.ScriptBlock.InvokeUsingCmdlet(Cmdlet contextCmdlet, Boolean useLocalScope, ErrorHandlingBehavior errorHandlingBehavior, Object dollarUnder, Object input, Object scriptThis, Object[] args)
                           at Microsoft.PowerShell.Commands.ForEachObjectCommand.ProcessRecord()
                           at System.Management.Automation.CommandProcessor.ProcessRecord()
TargetObject          : results
CategoryInfo          : InvalidOperation: (results:String) [], RuntimeException
FullyQualifiedErrorId : VariableIsUndefined
ErrorDetails          : 
InvocationInfo        : System.Management.Automation.InvocationInfo
ScriptStackTrace      : at <ScriptBlock>, C:\Users\Userqwerty\PowerShell\Functions\Get-ScheduledTask.ps1: line 82
                        at Get-ScheduledTask, C:\Users\Userqwerty\PowerShell\Functions\Get-ScheduledTask.ps1: line 82
                        at <ScriptBlock>, C:\Users\Userqwerty\PowerShell\Functions\Get-WindowsUpdatesGUI.ps1: line 168
PipelineIterationInfo : {}

PSMessageDetails      : 
Exception             : System.Management.Automation.PSArgumentException: Property WUStatusServer does not exist at path HKEY_LOCAL_MACHINE\Software\Policies\Microsoft\Windows\WindowsUpdate.
TargetObject          : WUStatusServer
CategoryInfo          : InvalidArgument: (WUStatusServer:String) [Get-ItemProperty], PSArgumentException
FullyQualifiedErrorId : System.Management.Automation.PSArgumentException,Microsoft.PowerShell.Commands.GetItemPropertyCommand
ErrorDetails          : 
InvocationInfo        : System.Management.Automation.InvocationInfo
ScriptStackTrace      : at <ScriptBlock>, C:\Users\Userqwerty\PowerShell\Functions\Get-WindowsUpdatesGUI.ps1: line 124
PipelineIterationInfo : {}

PSMessageDetails      : 
Exception             : System.Management.Automation.PSArgumentException: Property WUServer does not exist at path HKEY_LOCAL_MACHINE\Software\Policies\Microsoft\Windows\WindowsUpdate.
TargetObject          : WUServer
CategoryInfo          : InvalidArgument: (WUServer:String) [Get-ItemProperty], PSArgumentException
FullyQualifiedErrorId : System.Management.Automation.PSArgumentException,Microsoft.PowerShell.Commands.GetItemPropertyCommand
ErrorDetails          : 
InvocationInfo        : System.Management.Automation.InvocationInfo
ScriptStackTrace      : at <ScriptBlock>, C:\Users\Userqwerty\PowerShell\Functions\Get-WindowsUpdatesGUI.ps1: line 116
PipelineIterationInfo : {}

writeErrorStream      : True
PSMessageDetails      : 
Exception             : System.Management.Automation.ParameterBindingException: The input object cannot be bound to any parameters for the command either because the command does not take pipeline input or the input and its properties do not match any of 
                        the parameters that take pipeline input.
TargetObject          : @{WindowsProductName=Windows 10 Pro; WindowsEditionId=Professional; WindowsVersion=1803}
CategoryInfo          : InvalidArgument: (@{WindowsProduc...wsVersion=1803}:PSObject) [Get-HotFix], ParameterBindingException
FullyQualifiedErrorId : InputObjectNotBound,Microsoft.PowerShell.Commands.GetHotFixCommand
ErrorDetails          : 
InvocationInfo        : System.Management.Automation.InvocationInfo
ScriptStackTrace      : at <ScriptBlock>, C:\Users\Userqwerty\PowerShell\Functions\Get-WindowsUpdatesGUI.ps1: line 274
PipelineIterationInfo : {0, 1, 0}

PSMessageDetails      : 
Exception             : System.Management.Automation.RuntimeException: The variable '$results' cannot be retrieved because it has not been set.
                           at System.Management.Automation.ExceptionHandlingOps.CheckActionPreference(FunctionContext funcContext, Exception exception)
                           at <ScriptBlock>(Closure , FunctionContext )
                           at System.Management.Automation.ScriptBlock.InvokeWithPipeImpl(ScriptBlockClauseToInvoke clauseToInvoke, Boolean createLocalScope, Dictionary`2 functionsToDefine, List`1 variablesToDefine, ErrorHandlingBehavior 
                        errorHandlingBehavior, Object dollarUnder, Object input, Object scriptThis, Pipe outputPipe, InvocationInfo invocationInfo, Object[] args)
                           at System.Management.Automation.ScriptBlock.<>c__DisplayClass57_0.<InvokeWithPipe>b__0()
                           at System.Management.Automation.Runspaces.RunspaceBase.RunActionIfNoRunningPipelinesWithThreadCheck(Action action)
                           at System.Management.Automation.ScriptBlock.InvokeWithPipe(Boolean useLocalScope, ErrorHandlingBehavior errorHandlingBehavior, Object dollarUnder, Object input, Object scriptThis, Pipe outputPipe, InvocationInfo invocationInfo, 
                        Boolean propagateAllExceptionsToTop, List`1 variablesToDefine, Dictionary`2 functionsToDefine, Object[] args)
                           at System.Management.Automation.ScriptBlock.InvokeUsingCmdlet(Cmdlet contextCmdlet, Boolean useLocalScope, ErrorHandlingBehavior errorHandlingBehavior, Object dollarUnder, Object input, Object scriptThis, Object[] args)
                           at Microsoft.PowerShell.Commands.ForEachObjectCommand.ProcessRecord()
                           at System.Management.Automation.CommandProcessor.ProcessRecord()
TargetObject          : results
CategoryInfo          : InvalidOperation: (results:String) [], RuntimeException
FullyQualifiedErrorId : VariableIsUndefined
ErrorDetails          : 
InvocationInfo        : System.Management.Automation.InvocationInfo
ScriptStackTrace      : at <ScriptBlock>, C:\Users\Userqwerty\PowerShell\Functions\Get-ScheduledTask.ps1: line 82
                        at Get-ScheduledTask, C:\Users\Userqwerty\PowerShell\Functions\Get-ScheduledTask.ps1: line 82
                        at <ScriptBlock>, C:\Users\Userqwerty\PowerShell\Functions\Get-WindowsUpdatesGUI.ps1: line 168
PipelineIterationInfo : {}

PSMessageDetails      : 
Exception             : System.Management.Automation.PSArgumentException: Property WUStatusServer does not exist at path HKEY_LOCAL_MACHINE\Software\Policies\Microsoft\Windows\WindowsUpdate.
TargetObject          : WUStatusServer
CategoryInfo          : InvalidArgument: (WUStatusServer:String) [Get-ItemProperty], PSArgumentException
FullyQualifiedErrorId : System.Management.Automation.PSArgumentException,Microsoft.PowerShell.Commands.GetItemPropertyCommand
ErrorDetails          : 
InvocationInfo        : System.Management.Automation.InvocationInfo
ScriptStackTrace      : at <ScriptBlock>, C:\Users\Userqwerty\PowerShell\Functions\Get-WindowsUpdatesGUI.ps1: line 124
PipelineIterationInfo : {}

PSMessageDetails      : 
Exception             : System.Management.Automation.PSArgumentException: Property WUServer does not exist at path HKEY_LOCAL_MACHINE\Software\Policies\Microsoft\Windows\WindowsUpdate.
TargetObject          : WUServer
CategoryInfo          : InvalidArgument: (WUServer:String) [Get-ItemProperty], PSArgumentException
FullyQualifiedErrorId : System.Management.Automation.PSArgumentException,Microsoft.PowerShell.Commands.GetItemPropertyCommand
ErrorDetails          : 
InvocationInfo        : System.Management.Automation.InvocationInfo
ScriptStackTrace      : at <ScriptBlock>, C:\Users\Userqwerty\PowerShell\Functions\Get-WindowsUpdatesGUI.ps1: line 116
PipelineIterationInfo : {}

writeErrorStream      : True
PSMessageDetails      : 
Exception             : System.Management.Automation.ParameterBindingException: The input object cannot be bound to any parameters for the command either because the command does not take pipeline input or the input and its properties do not match any of 
                        the parameters that take pipeline input.
TargetObject          : @{WindowsProductName=Windows 10 Pro; WindowsEditionId=Professional; WindowsVersion=1803}
CategoryInfo          : InvalidArgument: (@{WindowsProduc...wsVersion=1803}:PSObject) [Get-HotFix], ParameterBindingException
FullyQualifiedErrorId : InputObjectNotBound,Microsoft.PowerShell.Commands.GetHotFixCommand
ErrorDetails          : 
InvocationInfo        : System.Management.Automation.InvocationInfo
ScriptStackTrace      : at <ScriptBlock>, C:\Users\Userqwerty\PowerShell\Functions\Get-WindowsUpdatesGUI.ps1: line 274
PipelineIterationInfo : {0, 1, 0}

PSMessageDetails      : 
Exception             : System.Management.Automation.RuntimeException: The variable '$results' cannot be retrieved because it has not been set.
                           at System.Management.Automation.ExceptionHandlingOps.CheckActionPreference(FunctionContext funcContext, Exception exception)
                           at <ScriptBlock>(Closure , FunctionContext )
                           at System.Management.Automation.ScriptBlock.InvokeWithPipeImpl(ScriptBlockClauseToInvoke clauseToInvoke, Boolean createLocalScope, Dictionary`2 functionsToDefine, List`1 variablesToDefine, ErrorHandlingBehavior 
                        errorHandlingBehavior, Object dollarUnder, Object input, Object scriptThis, Pipe outputPipe, InvocationInfo invocationInfo, Object[] args)
                           at System.Management.Automation.ScriptBlock.<>c__DisplayClass57_0.<InvokeWithPipe>b__0()
                           at System.Management.Automation.Runspaces.RunspaceBase.RunActionIfNoRunningPipelinesWithThreadCheck(Action action)
                           at System.Management.Automation.ScriptBlock.InvokeWithPipe(Boolean useLocalScope, ErrorHandlingBehavior errorHandlingBehavior, Object dollarUnder, Object input, Object scriptThis, Pipe outputPipe, InvocationInfo invocationInfo, 
                        Boolean propagateAllExceptionsToTop, List`1 variablesToDefine, Dictionary`2 functionsToDefine, Object[] args)
                           at System.Management.Automation.ScriptBlock.InvokeUsingCmdlet(Cmdlet contextCmdlet, Boolean useLocalScope, ErrorHandlingBehavior errorHandlingBehavior, Object dollarUnder, Object input, Object scriptThis, Object[] args)
                           at Microsoft.PowerShell.Commands.ForEachObjectCommand.ProcessRecord()
                           at System.Management.Automation.CommandProcessor.ProcessRecord()
TargetObject          : results
CategoryInfo          : InvalidOperation: (results:String) [], RuntimeException
FullyQualifiedErrorId : VariableIsUndefined
ErrorDetails          : 
InvocationInfo        : System.Management.Automation.InvocationInfo
ScriptStackTrace      : at <ScriptBlock>, C:\Users\Userqwerty\PowerShell\Functions\Get-ScheduledTask.ps1: line 82
                        at Get-ScheduledTask, C:\Users\Userqwerty\PowerShell\Functions\Get-ScheduledTask.ps1: line 82
                        at <ScriptBlock>, C:\Users\Userqwerty\PowerShell\Functions\Get-WindowsUpdatesGUI.ps1: line 168
PipelineIterationInfo : {}

PSMessageDetails      : 
Exception             : System.Management.Automation.PSArgumentException: Property WUStatusServer does not exist at path HKEY_LOCAL_MACHINE\Software\Policies\Microsoft\Windows\WindowsUpdate.
TargetObject          : WUStatusServer
CategoryInfo          : InvalidArgument: (WUStatusServer:String) [Get-ItemProperty], PSArgumentException
FullyQualifiedErrorId : System.Management.Automation.PSArgumentException,Microsoft.PowerShell.Commands.GetItemPropertyCommand
ErrorDetails          : 
InvocationInfo        : System.Management.Automation.InvocationInfo
ScriptStackTrace      : at <ScriptBlock>, C:\Users\Userqwerty\PowerShell\Functions\Get-WindowsUpdatesGUI.ps1: line 124
PipelineIterationInfo : {}

PSMessageDetails      : 
Exception             : System.Management.Automation.PSArgumentException: Property WUServer does not exist at path HKEY_LOCAL_MACHINE\Software\Policies\Microsoft\Windows\WindowsUpdate.
TargetObject          : WUServer
CategoryInfo          : InvalidArgument: (WUServer:String) [Get-ItemProperty], PSArgumentException
FullyQualifiedErrorId : System.Management.Automation.PSArgumentException,Microsoft.PowerShell.Commands.GetItemPropertyCommand
ErrorDetails          : 
InvocationInfo        : System.Management.Automation.InvocationInfo
ScriptStackTrace      : at <ScriptBlock>, C:\Users\Userqwerty\PowerShell\Functions\Get-WindowsUpdatesGUI.ps1: line 116
PipelineIterationInfo : {}

ErrorRecord                 : Access is denied. (Exception from HRESULT: 0x80070005 (E_ACCESSDENIED))
WasThrownFromThrowStatement : False
Message                     : The running command stopped because the preference variable "ErrorActionPreference" or common parameter is set to Stop: Access is denied. (Exception from HRESULT: 0x80070005 (E_ACCESSDENIED))
Data                        : {System.Management.Automation.Interpreter.InterpretedFrameInfo}
InnerException              : 
TargetSite                  : Void CheckActionPreference(System.Management.Automation.Language.FunctionContext, System.Exception)
StackTrace                  :    at System.Management.Automation.ExceptionHandlingOps.CheckActionPreference(FunctionContext funcContext, Exception exception)
                                 at System.Management.Automation.Interpreter.ActionCallInstruction`2.Run(InterpretedFrame frame)
                                 at System.Management.Automation.Interpreter.EnterTryCatchFinallyInstruction.Run(InterpretedFrame frame)
                                 at System.Management.Automation.Interpreter.EnterTryCatchFinallyInstruction.Run(InterpretedFrame frame)
                                 at System.Management.Automation.Interpreter.Interpreter.Run(InterpretedFrame frame)
                                 at System.Management.Automation.Interpreter.LightLambda.RunVoid1[T0](T0 arg0)
                                 at System.Management.Automation.DlrScriptCommandProcessor.RunClause(Action`1 clause, Object dollarUnderbar, Object inputToProcess)
                              --- End of stack trace from previous location where exception was thrown ---
                                 at System.Runtime.ExceptionServices.ExceptionDispatchInfo.Throw()
                                 at System.Management.109.137.240.75.PipelineProcessor.SynchronousExecuteEnumerate(Object input)
                                 at System.Management.Automation.Runspaces.LocalPipeline.InvokeHelper()
                                 at System.Management.Automation.Runspaces.LocalPipeline.InvokeThreadProc()
HelpLink                    : 
Source                      : System.Management.Automation
HResult                     : -2146233087

PSMessageDetails      : 
Exception             : Microsoft.PowerShell.Commands.WriteErrorException: Access is denied. (Exception from HRESULT: 0x80070005 (E_ACCESSDENIED))
TargetObject          : 
CategoryInfo          : NotSpecified: (:) [Write-Error], WriteErrorException
FullyQualifiedErrorId : Microsoft.PowerShell.Commands.WriteErrorException,Get-WindowsUpdate
ErrorDetails          : 
InvocationInfo        : System.Management.Automation.InvocationInfo
ScriptStackTrace      : at Get-WindowsUpdate<Process>, C:\Users\Userqwerty\PowerShell\Functions\Get-WindowsUpdate.ps1: line 108
                        at <ScriptBlock>, <No file>: line 1
PipelineIterationInfo : {}

PSMessageDetails      : 
OriginInfo            : qwertypc
Exception             : System.Management.Automation.RemoteException: Access is denied. (Exception from HRESULT: 0x80070005 (E_ACCESSDENIED))
TargetObject          : 
CategoryInfo          : OperationStopped: (:) [], UnauthorizedAccessException
FullyQualifiedErrorId : System.UnauthorizedAccessException
ErrorDetails          : 
InvocationInfo        : System.Management.Automation.InvocationInfo
ScriptStackTrace      : at <ScriptBlock>, <No file>: line 4
PipelineIterationInfo : {}

PSMessageDetails      : 
Exception             : System.Management.Automation.ParameterBindingException: Parameter set cannot be resolved using the specified named parameters.
                           at System.Management.Automation.CmdletParameterBinderController.ThrowAmbiguousParameterSetException(UInt32 parameterSetFlags, MergedCommandParameterMetadata bindableParameters)
                           at System.Management.Automation.CmdletParameterBinderController.ValidateParameterSets(Boolean prePipelineInput, Boolean setDefault)
                           at System.Management.Automation.CmdletParameterBinderController.BindCommandLineParametersNoValidation(Collection`1 arguments)
                           at System.Management.Automation.CmdletParameterBinderController.BindCommandLineParameters(Collection`1 arguments)
                           at System.Management.Automation.CommandProcessor.BindCommandLineParameters()
                           at System.Management.Automation.CommandProcessor.Prepare(IDictionary psDefaultParameterValues)
                           at System.Management.Automation.CommandProcessorBase.DoPrepare(IDictionary psDefaultParameterValues)
                           at System.Management.109.137.240.75.PipelineProcessor.Start(Boolean incomingStream)
                           at System.Management.109.137.240.75.PipelineProcessor.SynchronousExecuteEnumerate(Object input)
                        --- End of stack trace from previous location where exception was thrown ---
                           at System.Runtime.ExceptionServices.ExceptionDispatchInfo.Throw()
                           at System.Management.109.137.240.75.PipelineProcessor.SynchronousExecuteEnumerate(Object input)
                           at System.Management.Automation.PipelineOps.InvokePipeline(Object input, Boolean ignoreInput, CommandParameterInternal[][] pipeElements, CommandBaseAst[] pipeElementAsts, CommandRedirection[][] commandRedirections, 
                        FunctionContext funcContext)
                           at System.Management.Automation.Interpreter.ActionCallInstruction`6.Run(InterpretedFrame frame)
                           at System.Management.Automation.Interpreter.EnterTryCatchFinallyInstruction.Run(InterpretedFrame frame)
TargetObject          : 
CategoryInfo          : InvalidArgument: (:) [Get-WindowsUpdate], ParameterBindingException
FullyQualifiedErrorId : AmbiguousParameterSet,Get-WindowsUpdate
ErrorDetails          : 
InvocationInfo        : System.Management.Automation.InvocationInfo
ScriptStackTrace      : at <ScriptBlock>, <No file>: line 1
PipelineIterationInfo : {}

ErrorRecord                 : Access is denied. (Exception from HRESULT: 0x80070005 (E_ACCESSDENIED))
WasThrownFromThrowStatement : False
Message                     : The running command stopped because the preference variable "ErrorActionPreference" or common parameter is set to Stop: Access is denied. (Exception from HRESULT: 0x80070005 (E_ACCESSDENIED))
Data                        : {System.Management.Automation.Interpreter.InterpretedFrameInfo}
InnerException              : 
TargetSite                  : Void CheckActionPreference(System.Management.Automation.Language.FunctionContext, System.Exception)
StackTrace                  :    at System.Management.Automation.ExceptionHandlingOps.CheckActionPreference(FunctionContext funcContext, Exception exception)
                                 at System.Management.Automation.Interpreter.ActionCallInstruction`2.Run(InterpretedFrame frame)
                                 at System.Management.Automation.Interpreter.EnterTryCatchFinallyInstruction.Run(InterpretedFrame frame)
                                 at System.Management.Automation.Interpreter.EnterTryCatchFinallyInstruction.Run(InterpretedFrame frame)
                                 at System.Management.Automation.Interpreter.Interpreter.Run(InterpretedFrame frame)
                                 at System.Management.Automation.Interpreter.LightLambda.RunVoid1[T0](T0 arg0)
                                 at System.Management.Automation.DlrScriptCommandProcessor.RunClause(Action`1 clause, Object dollarUnderbar, Object inputToProcess)
                              --- End of stack trace from previous location where exception was thrown ---
                                 at System.Runtime.ExceptionServices.ExceptionDispatchInfo.Throw()
                                 at System.Management.109.137.240.75.PipelineProcessor.SynchronousExecuteEnumerate(Object input)
                                 at System.Management.Automation.Runspaces.LocalPipeline.InvokeHelper()
                                 at System.Management.Automation.Runspaces.LocalPipeline.InvokeThreadProc()
HelpLink                    : 
Source                      : System.Management.Automation
HResult                     : -2146233087

PSMessageDetails      : 
Exception             : Microsoft.PowerShell.Commands.WriteErrorException: Access is denied. (Exception from HRESULT: 0x80070005 (E_ACCESSDENIED))
TargetObject          : 
CategoryInfo          : NotSpecified: (:) [Write-Error], WriteErrorException
FullyQualifiedErrorId : Microsoft.PowerShell.Commands.WriteErrorException,Get-WindowsUpdate
ErrorDetails          : 
InvocationInfo        : System.Management.Automation.InvocationInfo
ScriptStackTrace      : at Get-WindowsUpdate<Process>, C:\Users\Userqwerty\PowerShell\Functions\Get-WindowsUpdate.ps1: line 108
                        at <ScriptBlock>, <No file>: line 1
PipelineIterationInfo : {}

PSMessageDetails      : 
OriginInfo            : qwertypc
Exception             : System.Management.Automation.RemoteException: Access is denied. (Exception from HRESULT: 0x80070005 (E_ACCESSDENIED))
TargetObject          : 
CategoryInfo          : OperationStopped: (:) [], UnauthorizedAccessException
FullyQualifiedErrorId : System.UnauthorizedAccessException
ErrorDetails          : 
InvocationInfo        : System.Management.Automation.InvocationInfo
ScriptStackTrace      : at <ScriptBlock>, <No file>: line 4
PipelineIterationInfo : {}

PSMessageDetails      : 
Exception             : System.Management.Automation.RuntimeException: You cannot call a method on a null-valued expression.
                           at CallSite.Target(Closure , CallSite , Object , Object )
                           at <ScriptBlock>(Closure , FunctionContext )
TargetObject          : 
CategoryInfo          : InvalidOperation: (:) [], RuntimeException
FullyQualifiedErrorId : InvokeMethodOnNull
ErrorDetails          : 
InvocationInfo        : System.Management.Automation.InvocationInfo
ScriptStackTrace      : at <ScriptBlock>, C:\Users\Userqwerty\PowerShell\Functions\Get-SoftwareReport.ps1: line 97
                        at Global:Load-ListBoxItems, C:\Users\Userqwerty\PowerShell\Functions\Get-SoftwareReport.ps1: line 94
                        at <ScriptBlock>, C:\Users\Userqwerty\PowerShell\Functions\Get-SoftwareReport.ps1: line 639
                        at Update-JobTracker, C:\Users\Userqwerty\PowerShell\Functions\Get-SoftwareReport.ps1: line 838
                        at <ScriptBlock>, C:\Users\Userqwerty\PowerShell\Functions\Get-SoftwareReport.ps1: line 885
                        at Call-Get-SoftwareReport2_0_11a_pff, C:\Users\Userqwerty\PowerShell\Functions\Get-SoftwareReport.ps1: line 1504
                        at <ScriptBlock>, C:\Users\Userqwerty\PowerShell\Functions\Get-SoftwareReport.ps1: line 1512
PipelineIterationInfo : {}

PSMessageDetails      : 
Exception             : System.Management.Automation.RuntimeException: You cannot call a method on a null-valued expression.
                           at CallSite.Target(Closure , CallSite , Object , Object )
                           at <ScriptBlock>(Closure , FunctionContext )
TargetObject          : 
CategoryInfo          : InvalidOperation: (:) [], RuntimeException
FullyQualifiedErrorId : InvokeMethodOnNull
ErrorDetails          : 
InvocationInfo        : System.Management.Automation.InvocationInfo
ScriptStackTrace      : at <ScriptBlock>, C:\Users\Userqwerty\PowerShell\Functions\Get-SoftwareReport.ps1: line 97
                        at Global:Load-ListBoxItems, C:\Users\Userqwerty\PowerShell\Functions\Get-SoftwareReport.ps1: line 94
                        at <ScriptBlock>, C:\Users\Userqwerty\PowerShell\Functions\Get-SoftwareReport.ps1: line 639
                        at Update-JobTracker, C:\Users\Userqwerty\PowerShell\Functions\Get-SoftwareReport.ps1: line 838
                        at <ScriptBlock>, C:\Users\Userqwerty\PowerShell\Functions\Get-SoftwareReport.ps1: line 885
                        at Call-Get-SoftwareReport2_0_11a_pff, C:\Users\Userqwerty\PowerShell\Functions\Get-SoftwareReport.ps1: line 1504
                        at <ScriptBlock>, C:\Users\Userqwerty\PowerShell\Functions\Get-SoftwareReport.ps1: line 1512
PipelineIterationInfo : {}

PSMessageDetails      : 
Exception             : System.Management.Automation.RuntimeException: You cannot call a method on a null-valued expression.
                           at CallSite.Target(Closure , CallSite , Object , Object )
                           at <ScriptBlock>(Closure , FunctionContext )
TargetObject          : 
CategoryInfo          : InvalidOperation: (:) [], RuntimeException
FullyQualifiedErrorId : InvokeMethodOnNull
ErrorDetails          : 
InvocationInfo        : System.Management.Automation.InvocationInfo
ScriptStackTrace      : at <ScriptBlock>, C:\Users\Userqwerty\PowerShell\Functions\Get-SoftwareReport.ps1: line 97
                        at Global:Load-ListBoxItems, C:\Users\Userqwerty\PowerShell\Functions\Get-SoftwareReport.ps1: line 94
                        at <ScriptBlock>, C:\Users\Userqwerty\PowerShell\Functions\Get-SoftwareReport.ps1: line 639
                        at Update-JobTracker, C:\Users\Userqwerty\PowerShell\Functions\Get-SoftwareReport.ps1: line 838
                        at <ScriptBlock>, C:\Users\Userqwerty\PowerShell\Functions\Get-SoftwareReport.ps1: line 885
                        at Call-Get-SoftwareReport2_0_11a_pff, C:\Users\Userqwerty\PowerShell\Functions\Get-SoftwareReport.ps1: line 1504
                        at <ScriptBlock>, C:\Users\Userqwerty\PowerShell\Functions\Get-SoftwareReport.ps1: line 1512
PipelineIterationInfo : {}

PSMessageDetails      : 
Exception             : System.Management.Automation.RuntimeException: You cannot call a method on a null-valued expression.
                           at CallSite.Target(Closure , CallSite , Object , Object )
                           at <ScriptBlock>(Closure , FunctionContext )
TargetObject          : 
CategoryInfo          : InvalidOperation: (:) [], RuntimeException
FullyQualifiedErrorId : InvokeMethodOnNull
ErrorDetails          : 
InvocationInfo        : System.Management.Automation.InvocationInfo
ScriptStackTrace      : at <ScriptBlock>, C:\Users\Userqwerty\PowerShell\Functions\Get-SoftwareReport.ps1: line 97
                        at Global:Load-ListBoxItems, C:\Users\Userqwerty\PowerShell\Functions\Get-SoftwareReport.ps1: line 94
                        at <ScriptBlock>, C:\Users\Userqwerty\PowerShell\Functions\Get-SoftwareReport.ps1: line 639
                        at Update-JobTracker, C:\Users\Userqwerty\PowerShell\Functions\Get-SoftwareReport.ps1: line 838
                        at <ScriptBlock>, C:\Users\Userqwerty\PowerShell\Functions\Get-SoftwareReport.ps1: line 885
                        at Call-Get-SoftwareReport2_0_11a_pff, C:\Users\Userqwerty\PowerShell\Functions\Get-SoftwareReport.ps1: line 1504
                        at <ScriptBlock>, C:\Users\Userqwerty\PowerShell\Functions\Get-SoftwareReport.ps1: line 1512
PipelineIterationInfo : {}

PSMessageDetails      : 
Exception             : System.Management.Automation.RuntimeException: You cannot call a method on a null-valued expression.
                           at CallSite.Target(Closure , CallSite , Object , Object )
                           at <ScriptBlock>(Closure , FunctionContext )
TargetObject          : 
CategoryInfo          : InvalidOperation: (:) [], RuntimeException
FullyQualifiedErrorId : InvokeMethodOnNull
ErrorDetails          : 
InvocationInfo        : System.Management.Automation.InvocationInfo
ScriptStackTrace      : at <ScriptBlock>, C:\Users\Userqwerty\PowerShell\Functions\Get-SoftwareReport.ps1: line 97
                        at Global:Load-ListBoxItems, C:\Users\Userqwerty\PowerShell\Functions\Get-SoftwareReport.ps1: line 94
                        at <ScriptBlock>, C:\Users\Userqwerty\PowerShell\Functions\Get-SoftwareReport.ps1: line 639
                        at Update-JobTracker, C:\Users\Userqwerty\PowerShell\Functions\Get-SoftwareReport.ps1: line 838
                        at <ScriptBlock>, C:\Users\Userqwerty\PowerShell\Functions\Get-SoftwareReport.ps1: line 885
                        at Call-Get-SoftwareReport2_0_11a_pff, C:\Users\Userqwerty\PowerShell\Functions\Get-SoftwareReport.ps1: line 1504
                        at <ScriptBlock>, C:\Users\Userqwerty\PowerShell\Functions\Get-SoftwareReport.ps1: line 1512
PipelineIterationInfo : {}

PSMessageDetails      : 
Exception             : System.Management.Automation.RuntimeException: You cannot call a method on a null-valued expression.
                           at CallSite.Target(Closure , CallSite , Object , Object )
                           at <ScriptBlock>(Closure , FunctionContext )
TargetObject          : 
CategoryInfo          : InvalidOperation: (:) [], RuntimeException
FullyQualifiedErrorId : InvokeMethodOnNull
ErrorDetails          : 
InvocationInfo        : System.Management.Automation.InvocationInfo
ScriptStackTrace      : at <ScriptBlock>, C:\Users\Userqwerty\PowerShell\Functions\Get-SoftwareReport.ps1: line 97
                        at Global:Load-ListBoxItems, C:\Users\Userqwerty\PowerShell\Functions\Get-SoftwareReport.ps1: line 94
                        at <ScriptBlock>, C:\Users\Userqwerty\PowerShell\Functions\Get-SoftwareReport.ps1: line 639
                        at Update-JobTracker, C:\Users\Userqwerty\PowerShell\Functions\Get-SoftwareReport.ps1: line 838
                        at <ScriptBlock>, C:\Users\Userqwerty\PowerShell\Functions\Get-SoftwareReport.ps1: line 885
                        at Call-Get-SoftwareReport2_0_11a_pff, C:\Users\Userqwerty\PowerShell\Functions\Get-SoftwareReport.ps1: line 1504
                        at <ScriptBlock>, C:\Users\Userqwerty\PowerShell\Functions\Get-SoftwareReport.ps1: line 1512
PipelineIterationInfo : {}

PSMessageDetails      : 
Exception             : System.Management.Automation.RuntimeException: You cannot call a method on a null-valued expression.
                           at CallSite.Target(Closure , CallSite , Object , Object )
                           at <ScriptBlock>(Closure , FunctionContext )
TargetObject          : 
CategoryInfo          : InvalidOperation: (:) [], RuntimeException
FullyQualifiedErrorId : InvokeMethodOnNull
ErrorDetails          : 
InvocationInfo        : System.Management.Automation.InvocationInfo
ScriptStackTrace      : at <ScriptBlock>, C:\Users\Userqwerty\PowerShell\Functions\Get-SoftwareReport.ps1: line 97
                        at Global:Load-ListBoxItems, C:\Users\Userqwerty\PowerShell\Functions\Get-SoftwareReport.ps1: line 94
                        at <ScriptBlock>, C:\Users\Userqwerty\PowerShell\Functions\Get-SoftwareReport.ps1: line 639
                        at Update-JobTracker, C:\Users\Userqwerty\PowerShell\Functions\Get-SoftwareReport.ps1: line 838
                        at <ScriptBlock>, C:\Users\Userqwerty\PowerShell\Functions\Get-SoftwareReport.ps1: line 885
                        at Call-Get-SoftwareReport2_0_11a_pff, C:\Users\Userqwerty\PowerShell\Functions\Get-SoftwareReport.ps1: line 1504
                        at <ScriptBlock>, C:\Users\Userqwerty\PowerShell\Functions\Get-SoftwareReport.ps1: line 1512
PipelineIterationInfo : {}

PSMessageDetails      : 
Exception             : System.Management.Automation.RuntimeException: You cannot call a method on a null-valued expression.
                           at CallSite.Target(Closure , CallSite , Object , Object )
                           at <ScriptBlock>(Closure , FunctionContext )
TargetObject          : 
CategoryInfo          : InvalidOperation: (:) [], RuntimeException
FullyQualifiedErrorId : InvokeMethodOnNull
ErrorDetails          : 
InvocationInfo        : System.Management.Automation.InvocationInfo
ScriptStackTrace      : at <ScriptBlock>, C:\Users\Userqwerty\PowerShell\Functions\Get-SoftwareReport.ps1: line 97
                        at Global:Load-ListBoxItems, C:\Users\Userqwerty\PowerShell\Functions\Get-SoftwareReport.ps1: line 94
                        at <ScriptBlock>, C:\Users\Userqwerty\PowerShell\Functions\Get-SoftwareReport.ps1: line 639
                        at Update-JobTracker, C:\Users\Userqwerty\PowerShell\Functions\Get-SoftwareReport.ps1: line 838
                        at <ScriptBlock>, C:\Users\Userqwerty\PowerShell\Functions\Get-SoftwareReport.ps1: line 885
                        at Call-Get-SoftwareReport2_0_11a_pff, C:\Users\Userqwerty\PowerShell\Functions\Get-SoftwareReport.ps1: line 1504
                        at <ScriptBlock>, C:\Users\Userqwerty\PowerShell\Functions\Get-SoftwareReport.ps1: line 1512
PipelineIterationInfo : {}

PSMessageDetails      : 
Exception             : System.Management.Automation.RuntimeException: You cannot call a method on a null-valued expression.
                           at CallSite.Target(Closure , CallSite , Object , Object )
                           at <ScriptBlock>(Closure , FunctionContext )
TargetObject          : 
CategoryInfo          : InvalidOperation: (:) [], RuntimeException
FullyQualifiedErrorId : InvokeMethodOnNull
ErrorDetails          : 
InvocationInfo        : System.Management.Automation.InvocationInfo
ScriptStackTrace      : at <ScriptBlock>, C:\Users\Userqwerty\PowerShell\Functions\Get-SoftwareReport.ps1: line 97
                        at Global:Load-ListBoxItems, C:\Users\Userqwerty\PowerShell\Functions\Get-SoftwareReport.ps1: line 94
                        at <ScriptBlock>, C:\Users\Userqwerty\PowerShell\Functions\Get-SoftwareReport.ps1: line 639
                        at Update-JobTracker, C:\Users\Userqwerty\PowerShell\Functions\Get-SoftwareReport.ps1: line 838
                        at <ScriptBlock>, C:\Users\Userqwerty\PowerShell\Functions\Get-SoftwareReport.ps1: line 885
                        at Call-Get-SoftwareReport2_0_11a_pff, C:\Users\Userqwerty\PowerShell\Functions\Get-SoftwareReport.ps1: line 1504
                        at <ScriptBlock>, C:\Users\Userqwerty\PowerShell\Functions\Get-SoftwareReport.ps1: line 1512
PipelineIterationInfo : {}

PSMessageDetails      : 
Exception             : System.Management.Automation.RuntimeException: You cannot call a method on a null-valued expression.
                           at CallSite.Target(Closure , CallSite , Object , Object )
                           at <ScriptBlock>(Closure , FunctionContext )
TargetObject          : 
CategoryInfo          : InvalidOperation: (:) [], RuntimeException
FullyQualifiedErrorId : InvokeMethodOnNull
ErrorDetails          : 
InvocationInfo        : System.Management.Automation.InvocationInfo
ScriptStackTrace      : at <ScriptBlock>, C:\Users\Userqwerty\PowerShell\Functions\Get-SoftwareReport.ps1: line 97
                        at Global:Load-ListBoxItems, C:\Users\Userqwerty\PowerShell\Functions\Get-SoftwareReport.ps1: line 94
                        at <ScriptBlock>, C:\Users\Userqwerty\PowerShell\Functions\Get-SoftwareReport.ps1: line 639
                        at Update-JobTracker, C:\Users\Userqwerty\PowerShell\Functions\Get-SoftwareReport.ps1: line 838
                        at <ScriptBlock>, C:\Users\Userqwerty\PowerShell\Functions\Get-SoftwareReport.ps1: line 885
                        at Call-Get-SoftwareReport2_0_11a_pff, C:\Users\Userqwerty\PowerShell\Functions\Get-SoftwareReport.ps1: line 1504
                        at <ScriptBlock>, C:\Users\Userqwerty\PowerShell\Functions\Get-SoftwareReport.ps1: line 1512
PipelineIterationInfo : {}

PSMessageDetails      : 
Exception             : System.Management.Automation.RuntimeException: You cannot call a method on a null-valued expression.
                           at CallSite.Target(Closure , CallSite , Object , Object )
                           at <ScriptBlock>(Closure , FunctionContext )
TargetObject          : 
CategoryInfo          : InvalidOperation: (:) [], RuntimeException
FullyQualifiedErrorId : InvokeMethodOnNull
ErrorDetails          : 
InvocationInfo        : System.Management.Automation.InvocationInfo
ScriptStackTrace      : at <ScriptBlock>, C:\Users\Userqwerty\PowerShell\Functions\Get-SoftwareReport.ps1: line 97
                        at Global:Load-ListBoxItems, C:\Users\Userqwerty\PowerShell\Functions\Get-SoftwareReport.ps1: line 94
                        at <ScriptBlock>, C:\Users\Userqwerty\PowerShell\Functions\Get-SoftwareReport.ps1: line 639
                        at Update-JobTracker, C:\Users\Userqwerty\PowerShell\Functions\Get-SoftwareReport.ps1: line 838
                        at <ScriptBlock>, C:\Users\Userqwerty\PowerShell\Functions\Get-SoftwareReport.ps1: line 885
                        at Call-Get-SoftwareReport2_0_11a_pff, C:\Users\Userqwerty\PowerShell\Functions\Get-SoftwareReport.ps1: line 1504
                        at <ScriptBlock>, C:\Users\Userqwerty\PowerShell\Functions\Get-SoftwareReport.ps1: line 1512
PipelineIterationInfo : {}

PSMessageDetails      : 
Exception             : System.Management.Automation.RuntimeException: You cannot call a method on a null-valued expression.
                           at CallSite.Target(Closure , CallSite , Object , Object )
                           at <ScriptBlock>(Closure , FunctionContext )
TargetObject          : 
CategoryInfo          : InvalidOperation: (:) [], RuntimeException
FullyQualifiedErrorId : InvokeMethodOnNull
ErrorDetails          : 
InvocationInfo        : System.Management.Automation.InvocationInfo
ScriptStackTrace      : at <ScriptBlock>, C:\Users\Userqwerty\PowerShell\Functions\Get-SoftwareReport.ps1: line 97
                        at Global:Load-ListBoxItems, C:\Users\Userqwerty\PowerShell\Functions\Get-SoftwareReport.ps1: line 94
                        at <ScriptBlock>, C:\Users\Userqwerty\PowerShell\Functions\Get-SoftwareReport.ps1: line 639
                        at Update-JobTracker, C:\Users\Userqwerty\PowerShell\Functions\Get-SoftwareReport.ps1: line 838
                        at <ScriptBlock>, C:\Users\Userqwerty\PowerShell\Functions\Get-SoftwareReport.ps1: line 885
                        at Call-Get-SoftwareReport2_0_11a_pff, C:\Users\Userqwerty\PowerShell\Functions\Get-SoftwareReport.ps1: line 1504
                        at <ScriptBlock>, C:\Users\Userqwerty\PowerShell\Functions\Get-SoftwareReport.ps1: line 1512
PipelineIterationInfo : {}

PSMessageDetails      : 
Exception             : System.Management.Automation.RuntimeException: You cannot call a method on a null-valued expression.
                           at CallSite.Target(Closure , CallSite , Object , Object )
                           at <ScriptBlock>(Closure , FunctionContext )
TargetObject          : 
CategoryInfo          : InvalidOperation: (:) [], RuntimeException
FullyQualifiedErrorId : InvokeMethodOnNull
ErrorDetails          : 
InvocationInfo        : System.Management.Automation.InvocationInfo
ScriptStackTrace      : at <ScriptBlock>, C:\Users\Userqwerty\PowerShell\Functions\Get-SoftwareReport.ps1: line 97
                        at Global:Load-ListBoxItems, C:\Users\Userqwerty\PowerShell\Functions\Get-SoftwareReport.ps1: line 94
                        at <ScriptBlock>, C:\Users\Userqwerty\PowerShell\Functions\Get-SoftwareReport.ps1: line 639
                        at Update-JobTracker, C:\Users\Userqwerty\PowerShell\Functions\Get-SoftwareReport.ps1: line 838
                        at <ScriptBlock>, C:\Users\Userqwerty\PowerShell\Functions\Get-SoftwareReport.ps1: line 885
                        at Call-Get-SoftwareReport2_0_11a_pff, C:\Users\Userqwerty\PowerShell\Functions\Get-SoftwareReport.ps1: line 1504
                        at <ScriptBlock>, C:\Users\Userqwerty\PowerShell\Functions\Get-SoftwareReport.ps1: line 1512
PipelineIterationInfo : {}

PSMessageDetails      : 
Exception             : System.Management.Automation.RuntimeException: You cannot call a method on a null-valued expression.
                           at CallSite.Target(Closure , CallSite , Object , Object )
                           at <ScriptBlock>(Closure , FunctionContext )
TargetObject          : 
CategoryInfo          : InvalidOperation: (:) [], RuntimeException
FullyQualifiedErrorId : InvokeMethodOnNull
ErrorDetails          : 
InvocationInfo        : System.Management.Automation.InvocationInfo
ScriptStackTrace      : at <ScriptBlock>, C:\Users\Userqwerty\PowerShell\Functions\Get-SoftwareReport.ps1: line 97
                        at Global:Load-ListBoxItems, C:\Users\Userqwerty\PowerShell\Functions\Get-SoftwareReport.ps1: line 94
                        at <ScriptBlock>, C:\Users\Userqwerty\PowerShell\Functions\Get-SoftwareReport.ps1: line 639
                        at Update-JobTracker, C:\Users\Userqwerty\PowerShell\Functions\Get-SoftwareReport.ps1: line 838
                        at <ScriptBlock>, C:\Users\Userqwerty\PowerShell\Functions\Get-SoftwareReport.ps1: line 885
                        at Call-Get-SoftwareReport2_0_11a_pff, C:\Users\Userqwerty\PowerShell\Functions\Get-SoftwareReport.ps1: line 1504
                        at <ScriptBlock>, C:\Users\Userqwerty\PowerShell\Functions\Get-SoftwareReport.ps1: line 1512
PipelineIterationInfo : {}

PSMessageDetails      : 
Exception             : System.Management.Automation.RuntimeException: You cannot call a method on a null-valued expression.
                           at CallSite.Target(Closure , CallSite , Object , Object )
                           at <ScriptBlock>(Closure , FunctionContext )
TargetObject          : 
CategoryInfo          : InvalidOperation: (:) [], RuntimeException
FullyQualifiedErrorId : InvokeMethodOnNull
ErrorDetails          : 
InvocationInfo        : System.Management.Automation.InvocationInfo
ScriptStackTrace      : at <ScriptBlock>, C:\Users\Userqwerty\PowerShell\Functions\Get-SoftwareReport.ps1: line 97
                        at Global:Load-ListBoxItems, C:\Users\Userqwerty\PowerShell\Functions\Get-SoftwareReport.ps1: line 94
                        at <ScriptBlock>, C:\Users\Userqwerty\PowerShell\Functions\Get-SoftwareReport.ps1: line 639
                        at Update-JobTracker, C:\Users\Userqwerty\PowerShell\Functions\Get-SoftwareReport.ps1: line 838
                        at <ScriptBlock>, C:\Users\Userqwerty\PowerShell\Functions\Get-SoftwareReport.ps1: line 885
                        at Call-Get-SoftwareReport2_0_11a_pff, C:\Users\Userqwerty\PowerShell\Functions\Get-SoftwareReport.ps1: line 1504
                        at <ScriptBlock>, C:\Users\Userqwerty\PowerShell\Functions\Get-SoftwareReport.ps1: line 1512
PipelineIterationInfo : {}

PSMessageDetails      : 
Exception             : System.Management.Automation.RuntimeException: You cannot call a method on a null-valued expression.
                           at CallSite.Target(Closure , CallSite , Object , Object )
                           at <ScriptBlock>(Closure , FunctionContext )
TargetObject          : 
CategoryInfo          : InvalidOperation: (:) [], RuntimeException
FullyQualifiedErrorId : InvokeMethodOnNull
ErrorDetails          : 
InvocationInfo        : System.Management.Automation.InvocationInfo
ScriptStackTrace      : at <ScriptBlock>, C:\Users\Userqwerty\PowerShell\Functions\Get-SoftwareReport.ps1: line 97
                        at Global:Load-ListBoxItems, C:\Users\Userqwerty\PowerShell\Functions\Get-SoftwareReport.ps1: line 94
                        at <ScriptBlock>, C:\Users\Userqwerty\PowerShell\Functions\Get-SoftwareReport.ps1: line 639
                        at Update-JobTracker, C:\Users\Userqwerty\PowerShell\Functions\Get-SoftwareReport.ps1: line 838
                        at <ScriptBlock>, C:\Users\Userqwerty\PowerShell\Functions\Get-SoftwareReport.ps1: line 885
                        at Call-Get-SoftwareReport2_0_11a_pff, C:\Users\Userqwerty\PowerShell\Functions\Get-SoftwareReport.ps1: line 1504
                        at <ScriptBlock>, C:\Users\Userqwerty\PowerShell\Functions\Get-SoftwareReport.ps1: line 1512
PipelineIterationInfo : {}

PSMessageDetails      : 
Exception             : System.Management.Automation.RuntimeException: You cannot call a method on a null-valued expression.
                           at CallSite.Target(Closure , CallSite , Object , Object )
                           at <ScriptBlock>(Closure , FunctionContext )
TargetObject          : 
CategoryInfo          : InvalidOperation: (:) [], RuntimeException
FullyQualifiedErrorId : InvokeMethodOnNull
ErrorDetails          : 
InvocationInfo        : System.Management.Automation.InvocationInfo
ScriptStackTrace      : at <ScriptBlock>, C:\Users\Userqwerty\PowerShell\Functions\Get-SoftwareReport.ps1: line 97
                        at Global:Load-ListBoxItems, C:\Users\Userqwerty\PowerShell\Functions\Get-SoftwareReport.ps1: line 94
                        at <ScriptBlock>, C:\Users\Userqwerty\PowerShell\Functions\Get-SoftwareReport.ps1: line 639
                        at Update-JobTracker, C:\Users\Userqwerty\PowerShell\Functions\Get-SoftwareReport.ps1: line 838
                        at <ScriptBlock>, C:\Users\Userqwerty\PowerShell\Functions\Get-SoftwareReport.ps1: line 885
                        at Call-Get-SoftwareReport2_0_11a_pff, C:\Users\Userqwerty\PowerShell\Functions\Get-SoftwareReport.ps1: line 1504
                        at <ScriptBlock>, C:\Users\Userqwerty\PowerShell\Functions\Get-SoftwareReport.ps1: line 1512
PipelineIterationInfo : {}

PSMessageDetails      : 
Exception             : System.Management.Automation.RuntimeException: You cannot call a method on a null-valued expression.
                           at CallSite.Target(Closure , CallSite , Object , Object )
                           at <ScriptBlock>(Closure , FunctionContext )
TargetObject          : 
CategoryInfo          : InvalidOperation: (:) [], RuntimeException
FullyQualifiedErrorId : InvokeMethodOnNull
ErrorDetails          : 
InvocationInfo        : System.Management.Automation.InvocationInfo
ScriptStackTrace      : at <ScriptBlock>, C:\Users\Userqwerty\PowerShell\Functions\Get-SoftwareReport.ps1: line 97
                        at Global:Load-ListBoxItems, C:\Users\Userqwerty\PowerShell\Functions\Get-SoftwareReport.ps1: line 94
                        at <ScriptBlock>, C:\Users\Userqwerty\PowerShell\Functions\Get-SoftwareReport.ps1: line 639
                        at Update-JobTracker, C:\Users\Userqwerty\PowerShell\Functions\Get-SoftwareReport.ps1: line 838
                        at <ScriptBlock>, C:\Users\Userqwerty\PowerShell\Functions\Get-SoftwareReport.ps1: line 885
                        at Call-Get-SoftwareReport2_0_11a_pff, C:\Users\Userqwerty\PowerShell\Functions\Get-SoftwareReport.ps1: line 1504
                        at <ScriptBlock>, C:\Users\Userqwerty\PowerShell\Functions\Get-SoftwareReport.ps1: line 1512
PipelineIterationInfo : {}

PSMessageDetails      : 
Exception             : System.Management.Automation.RuntimeException: You cannot call a method on a null-valued expression.
                           at CallSite.Target(Closure , CallSite , Object , Object )
                           at <ScriptBlock>(Closure , FunctionContext )
TargetObject          : 
CategoryInfo          : InvalidOperation: (:) [], RuntimeException
FullyQualifiedErrorId : InvokeMethodOnNull
ErrorDetails          : 
InvocationInfo        : System.Management.Automation.InvocationInfo
ScriptStackTrace      : at <ScriptBlock>, C:\Users\Userqwerty\PowerShell\Functions\Get-SoftwareReport.ps1: line 97
                        at Global:Load-ListBoxItems, C:\Users\Userqwerty\PowerShell\Functions\Get-SoftwareReport.ps1: line 94
                        at <ScriptBlock>, C:\Users\Userqwerty\PowerShell\Functions\Get-SoftwareReport.ps1: line 639
                        at Update-JobTracker, C:\Users\Userqwerty\PowerShell\Functions\Get-SoftwareReport.ps1: line 838
                        at <ScriptBlock>, C:\Users\Userqwerty\PowerShell\Functions\Get-SoftwareReport.ps1: line 885
                        at Call-Get-SoftwareReport2_0_11a_pff, C:\Users\Userqwerty\PowerShell\Functions\Get-SoftwareReport.ps1: line 1504
                        at <ScriptBlock>, C:\Users\Userqwerty\PowerShell\Functions\Get-SoftwareReport.ps1: line 1512
PipelineIterationInfo : {}

PSMessageDetails      : 
Exception             : System.Management.Automation.RuntimeException: You cannot call a method on a null-valued expression.
                           at CallSite.Target(Closure , CallSite , Object , Object )
                           at <ScriptBlock>(Closure , FunctionContext )
TargetObject          : 
CategoryInfo          : InvalidOperation: (:) [], RuntimeException
FullyQualifiedErrorId : InvokeMethodOnNull
ErrorDetails          : 
InvocationInfo        : System.Management.Automation.InvocationInfo
ScriptStackTrace      : at <ScriptBlock>, C:\Users\Userqwerty\PowerShell\Functions\Get-SoftwareReport.ps1: line 97
                        at Global:Load-ListBoxItems, C:\Users\Userqwerty\PowerShell\Functions\Get-SoftwareReport.ps1: line 94
                        at <ScriptBlock>, C:\Users\Userqwerty\PowerShell\Functions\Get-SoftwareReport.ps1: line 639
                        at Update-JobTracker, C:\Users\Userqwerty\PowerShell\Functions\Get-SoftwareReport.ps1: line 838
                        at <ScriptBlock>, C:\Users\Userqwerty\PowerShell\Functions\Get-SoftwareReport.ps1: line 885
                        at Call-Get-SoftwareReport2_0_11a_pff, C:\Users\Userqwerty\PowerShell\Functions\Get-SoftwareReport.ps1: line 1504
                        at <ScriptBlock>, C:\Users\Userqwerty\PowerShell\Functions\Get-SoftwareReport.ps1: line 1512
PipelineIterationInfo : {}

PSMessageDetails      : 
Exception             : System.Management.Automation.RuntimeException: You cannot call a method on a null-valued expression.
                           at CallSite.Target(Closure , CallSite , Object , Object )
                           at <ScriptBlock>(Closure , FunctionContext )
TargetObject          : 
CategoryInfo          : InvalidOperation: (:) [], RuntimeException
FullyQualifiedErrorId : InvokeMethodOnNull
ErrorDetails          : 
InvocationInfo        : System.Management.Automation.InvocationInfo
ScriptStackTrace      : at <ScriptBlock>, C:\Users\Userqwerty\PowerShell\Functions\Get-SoftwareReport.ps1: line 97
                        at Global:Load-ListBoxItems, C:\Users\Userqwerty\PowerShell\Functions\Get-SoftwareReport.ps1: line 94
                        at <ScriptBlock>, C:\Users\Userqwerty\PowerShell\Functions\Get-SoftwareReport.ps1: line 639
                        at Update-JobTracker, C:\Users\Userqwerty\PowerShell\Functions\Get-SoftwareReport.ps1: line 838
                        at <ScriptBlock>, C:\Users\Userqwerty\PowerShell\Functions\Get-SoftwareReport.ps1: line 885
                        at Call-Get-SoftwareReport2_0_11a_pff, C:\Users\Userqwerty\PowerShell\Functions\Get-SoftwareReport.ps1: line 1504
                        at <ScriptBlock>, C:\Users\Userqwerty\PowerShell\Functions\Get-SoftwareReport.ps1: line 1512
PipelineIterationInfo : {}

PSMessageDetails      : 
Exception             : System.Management.Automation.RuntimeException: You cannot call a method on a null-valued expression.
                           at CallSite.Target(Closure , CallSite , Object , Object )
                           at <ScriptBlock>(Closure , FunctionContext )
TargetObject          : 
CategoryInfo          : InvalidOperation: (:) [], RuntimeException
FullyQualifiedErrorId : InvokeMethodOnNull
ErrorDetails          : 
InvocationInfo        : System.Management.Automation.InvocationInfo
ScriptStackTrace      : at <ScriptBlock>, C:\Users\Userqwerty\PowerShell\Functions\Get-SoftwareReport.ps1: line 97
                        at Global:Load-ListBoxItems, C:\Users\Userqwerty\PowerShell\Functions\Get-SoftwareReport.ps1: line 94
                        at <ScriptBlock>, C:\Users\Userqwerty\PowerShell\Functions\Get-SoftwareReport.ps1: line 639
                        at Update-JobTracker, C:\Users\Userqwerty\PowerShell\Functions\Get-SoftwareReport.ps1: line 838
                        at <ScriptBlock>, C:\Users\Userqwerty\PowerShell\Functions\Get-SoftwareReport.ps1: line 885
                        at Call-Get-SoftwareReport2_0_11a_pff, C:\Users\Userqwerty\PowerShell\Functions\Get-SoftwareReport.ps1: line 1504
                        at <ScriptBlock>, C:\Users\Userqwerty\PowerShell\Functions\Get-SoftwareReport.ps1: line 1512
PipelineIterationInfo : {}

PSMessageDetails      : 
Exception             : System.Management.Automation.RuntimeException: You cannot call a method on a null-valued expression.
                           at CallSite.Target(Closure , CallSite , Object , Object )
                           at <ScriptBlock>(Closure , FunctionContext )
TargetObject          : 
CategoryInfo          : InvalidOperation: (:) [], RuntimeException
FullyQualifiedErrorId : InvokeMethodOnNull
ErrorDetails          : 
InvocationInfo        : System.Management.Automation.InvocationInfo
ScriptStackTrace      : at <ScriptBlock>, C:\Users\Userqwerty\PowerShell\Functions\Get-SoftwareReport.ps1: line 97
                        at Global:Load-ListBoxItems, C:\Users\Userqwerty\PowerShell\Functions\Get-SoftwareReport.ps1: line 94
                        at <ScriptBlock>, C:\Users\Userqwerty\PowerShell\Functions\Get-SoftwareReport.ps1: line 639
                        at Update-JobTracker, C:\Users\Userqwerty\PowerShell\Functions\Get-SoftwareReport.ps1: line 838
                        at <ScriptBlock>, C:\Users\Userqwerty\PowerShell\Functions\Get-SoftwareReport.ps1: line 885
                        at Call-Get-SoftwareReport2_0_11a_pff, C:\Users\Userqwerty\PowerShell\Functions\Get-SoftwareReport.ps1: line 1504
                        at <ScriptBlock>, C:\Users\Userqwerty\PowerShell\Functions\Get-SoftwareReport.ps1: line 1512
PipelineIterationInfo : {}

PSMessageDetails      : 
Exception             : System.Management.Automation.RuntimeException: You cannot call a method on a null-valued expression.
                           at CallSite.Target(Closure , CallSite , Object , Object )
                           at <ScriptBlock>(Closure , FunctionContext )
TargetObject          : 
CategoryInfo          : InvalidOperation: (:) [], RuntimeException
FullyQualifiedErrorId : InvokeMethodOnNull
ErrorDetails          : 
InvocationInfo        : System.Management.Automation.InvocationInfo
ScriptStackTrace      : at <ScriptBlock>, C:\Users\Userqwerty\PowerShell\Functions\Get-SoftwareReport.ps1: line 97
                        at Global:Load-ListBoxItems, C:\Users\Userqwerty\PowerShell\Functions\Get-SoftwareReport.ps1: line 94
                        at <ScriptBlock>, C:\Users\Userqwerty\PowerShell\Functions\Get-SoftwareReport.ps1: line 639
                        at Update-JobTracker, C:\Users\Userqwerty\PowerShell\Functions\Get-SoftwareReport.ps1: line 838
                        at <ScriptBlock>, C:\Users\Userqwerty\PowerShell\Functions\Get-SoftwareReport.ps1: line 885
                        at Call-Get-SoftwareReport2_0_11a_pff, C:\Users\Userqwerty\PowerShell\Functions\Get-SoftwareReport.ps1: line 1504
                        at <ScriptBlock>, C:\Users\Userqwerty\PowerShell\Functions\Get-SoftwareReport.ps1: line 1512
PipelineIterationInfo : {}

PSMessageDetails      : 
Exception             : System.Management.Automation.RuntimeException: You cannot call a method on a null-valued expression.
                           at CallSite.Target(Closure , CallSite , Object , Object )
                           at <ScriptBlock>(Closure , FunctionContext )
TargetObject          : 
CategoryInfo          : InvalidOperation: (:) [], RuntimeException
FullyQualifiedErrorId : InvokeMethodOnNull
ErrorDetails          : 
InvocationInfo        : System.Management.Automation.InvocationInfo
ScriptStackTrace      : at <ScriptBlock>, C:\Users\Userqwerty\PowerShell\Functions\Get-SoftwareReport.ps1: line 97
                        at Global:Load-ListBoxItems, C:\Users\Userqwerty\PowerShell\Functions\Get-SoftwareReport.ps1: line 94
                        at <ScriptBlock>, C:\Users\Userqwerty\PowerShell\Functions\Get-SoftwareReport.ps1: line 639
                        at Update-JobTracker, C:\Users\Userqwerty\PowerShell\Functions\Get-SoftwareReport.ps1: line 838
                        at <ScriptBlock>, C:\Users\Userqwerty\PowerShell\Functions\Get-SoftwareReport.ps1: line 885
                        at Call-Get-SoftwareReport2_0_11a_pff, C:\Users\Userqwerty\PowerShell\Functions\Get-SoftwareReport.ps1: line 1504
                        at <ScriptBlock>, C:\Users\Userqwerty\PowerShell\Functions\Get-SoftwareReport.ps1: line 1512
PipelineIterationInfo : {}

PSMessageDetails      : 
Exception             : System.Management.Automation.RuntimeException: You cannot call a method on a null-valued expression.
                           at CallSite.Target(Closure , CallSite , Object , Object )
                           at <ScriptBlock>(Closure , FunctionContext )
TargetObject          : 
CategoryInfo          : InvalidOperation: (:) [], RuntimeException
FullyQualifiedErrorId : InvokeMethodOnNull
ErrorDetails          : 
InvocationInfo        : System.Management.Automation.InvocationInfo
ScriptStackTrace      : at <ScriptBlock>, C:\Users\Userqwerty\PowerShell\Functions\Get-SoftwareReport.ps1: line 97
                        at Global:Load-ListBoxItems, C:\Users\Userqwerty\PowerShell\Functions\Get-SoftwareReport.ps1: line 94
                        at <ScriptBlock>, C:\Users\Userqwerty\PowerShell\Functions\Get-SoftwareReport.ps1: line 639
                        at Update-JobTracker, C:\Users\Userqwerty\PowerShell\Functions\Get-SoftwareReport.ps1: line 838
                        at <ScriptBlock>, C:\Users\Userqwerty\PowerShell\Functions\Get-SoftwareReport.ps1: line 885
                        at Call-Get-SoftwareReport2_0_11a_pff, C:\Users\Userqwerty\PowerShell\Functions\Get-SoftwareReport.ps1: line 1504
                        at <ScriptBlock>, C:\Users\Userqwerty\PowerShell\Functions\Get-SoftwareReport.ps1: line 1512
PipelineIterationInfo : {}

PSMessageDetails      : 
Exception             : System.Management.Automation.RuntimeException: You cannot call a method on a null-valued expression.
                           at CallSite.Target(Closure , CallSite , Object , Object )
                           at <ScriptBlock>(Closure , FunctionContext )
TargetObject          : 
CategoryInfo          : InvalidOperation: (:) [], RuntimeException
FullyQualifiedErrorId : InvokeMethodOnNull
ErrorDetails          : 
InvocationInfo        : System.Management.Automation.InvocationInfo
ScriptStackTrace      : at <ScriptBlock>, C:\Users\Userqwerty\PowerShell\Functions\Get-SoftwareReport.ps1: line 97
                        at Global:Load-ListBoxItems, C:\Users\Userqwerty\PowerShell\Functions\Get-SoftwareReport.ps1: line 94
                        at <ScriptBlock>, C:\Users\Userqwerty\PowerShell\Functions\Get-SoftwareReport.ps1: line 639
                        at Update-JobTracker, C:\Users\Userqwerty\PowerShell\Functions\Get-SoftwareReport.ps1: line 838
                        at <ScriptBlock>, C:\Users\Userqwerty\PowerShell\Functions\Get-SoftwareReport.ps1: line 885
                        at Call-Get-SoftwareReport2_0_11a_pff, C:\Users\Userqwerty\PowerShell\Functions\Get-SoftwareReport.ps1: line 1504
                        at <ScriptBlock>, C:\Users\Userqwerty\PowerShell\Functions\Get-SoftwareReport.ps1: line 1512
PipelineIterationInfo : {}

PSMessageDetails      : 
Exception             : System.Management.Automation.RuntimeException: You cannot call a method on a null-valued expression.
                           at CallSite.Target(Closure , CallSite , Object , Object )
                           at <ScriptBlock>(Closure , FunctionContext )
TargetObject          : 
CategoryInfo          : InvalidOperation: (:) [], RuntimeException
FullyQualifiedErrorId : InvokeMethodOnNull
ErrorDetails          : 
InvocationInfo        : System.Management.Automation.InvocationInfo
ScriptStackTrace      : at <ScriptBlock>, C:\Users\Userqwerty\PowerShell\Functions\Get-SoftwareReport.ps1: line 97
                        at Global:Load-ListBoxItems, C:\Users\Userqwerty\PowerShell\Functions\Get-SoftwareReport.ps1: line 94
                        at <ScriptBlock>, C:\Users\Userqwerty\PowerShell\Functions\Get-SoftwareReport.ps1: line 639
                        at Update-JobTracker, C:\Users\Userqwerty\PowerShell\Functions\Get-SoftwareReport.ps1: line 838
                        at <ScriptBlock>, C:\Users\Userqwerty\PowerShell\Functions\Get-SoftwareReport.ps1: line 885
                        at Call-Get-SoftwareReport2_0_11a_pff, C:\Users\Userqwerty\PowerShell\Functions\Get-SoftwareReport.ps1: line 1504
                        at <ScriptBlock>, C:\Users\Userqwerty\PowerShell\Functions\Get-SoftwareReport.ps1: line 1512
PipelineIterationInfo : {}

PSMessageDetails      : 
Exception             : System.Management.Automation.RuntimeException: You cannot call a method on a null-valued expression.
                           at CallSite.Target(Closure , CallSite , Object , Object )
                           at <ScriptBlock>(Closure , FunctionContext )
TargetObject          : 
CategoryInfo          : InvalidOperation: (:) [], RuntimeException
FullyQualifiedErrorId : InvokeMethodOnNull
ErrorDetails          : 
InvocationInfo        : System.Management.Automation.InvocationInfo
ScriptStackTrace      : at <ScriptBlock>, C:\Users\Userqwerty\PowerShell\Functions\Get-SoftwareReport.ps1: line 97
                        at Global:Load-ListBoxItems, C:\Users\Userqwerty\PowerShell\Functions\Get-SoftwareReport.ps1: line 94
                        at <ScriptBlock>, C:\Users\Userqwerty\PowerShell\Functions\Get-SoftwareReport.ps1: line 639
                        at Update-JobTracker, C:\Users\Userqwerty\PowerShell\Functions\Get-SoftwareReport.ps1: line 838
                        at <ScriptBlock>, C:\Users\Userqwerty\PowerShell\Functions\Get-SoftwareReport.ps1: line 885
                        at Call-Get-SoftwareReport2_0_11a_pff, C:\Users\Userqwerty\PowerShell\Functions\Get-SoftwareReport.ps1: line 1504
                        at <ScriptBlock>, C:\Users\Userqwerty\PowerShell\Functions\Get-SoftwareReport.ps1: line 1512
PipelineIterationInfo : {}

PSMessageDetails      : 
Exception             : System.Management.Automation.RuntimeException: You cannot call a method on a null-valued expression.
                           at CallSite.Target(Closure , CallSite , Object , Object )
                           at <ScriptBlock>(Closure , FunctionContext )
TargetObject          : 
CategoryInfo          : InvalidOperation: (:) [], RuntimeException
FullyQualifiedErrorId : InvokeMethodOnNull
ErrorDetails          : 
InvocationInfo        : System.Management.Automation.InvocationInfo
ScriptStackTrace      : at <ScriptBlock>, C:\Users\Userqwerty\PowerShell\Functions\Get-SoftwareReport.ps1: line 97
                        at Global:Load-ListBoxItems, C:\Users\Userqwerty\PowerShell\Functions\Get-SoftwareReport.ps1: line 94
                        at <ScriptBlock>, C:\Users\Userqwerty\PowerShell\Functions\Get-SoftwareReport.ps1: line 639
                        at Update-JobTracker, C:\Users\Userqwerty\PowerShell\Functions\Get-SoftwareReport.ps1: line 838
                        at <ScriptBlock>, C:\Users\Userqwerty\PowerShell\Functions\Get-SoftwareReport.ps1: line 885
                        at Call-Get-SoftwareReport2_0_11a_pff, C:\Users\Userqwerty\PowerShell\Functions\Get-SoftwareReport.ps1: line 1504
                        at <ScriptBlock>, C:\Users\Userqwerty\PowerShell\Functions\Get-SoftwareReport.ps1: line 1512
PipelineIterationInfo : {}

PSMessageDetails      : 
Exception             : System.Management.Automation.RuntimeException: You cannot call a method on a null-valued expression.
                           at CallSite.Target(Closure , CallSite , Object , Object )
                           at <ScriptBlock>(Closure , FunctionContext )
TargetObject          : 
CategoryInfo          : InvalidOperation: (:) [], RuntimeException
FullyQualifiedErrorId : InvokeMethodOnNull
ErrorDetails          : 
InvocationInfo        : System.Management.Automation.InvocationInfo
ScriptStackTrace      : at <ScriptBlock>, C:\Users\Userqwerty\PowerShell\Functions\Get-SoftwareReport.ps1: line 97
                        at Global:Load-ListBoxItems, C:\Users\Userqwerty\PowerShell\Functions\Get-SoftwareReport.ps1: line 94
                        at <ScriptBlock>, C:\Users\Userqwerty\PowerShell\Functions\Get-SoftwareReport.ps1: line 639
                        at Update-JobTracker, C:\Users\Userqwerty\PowerShell\Functions\Get-SoftwareReport.ps1: line 838
                        at <ScriptBlock>, C:\Users\Userqwerty\PowerShell\Functions\Get-SoftwareReport.ps1: line 885
                        at Call-Get-SoftwareReport2_0_11a_pff, C:\Users\Userqwerty\PowerShell\Functions\Get-SoftwareReport.ps1: line 1504
                        at <ScriptBlock>, C:\Users\Userqwerty\PowerShell\Functions\Get-SoftwareReport.ps1: line 1512
PipelineIterationInfo : {}

PSMessageDetails      : 
Exception             : System.Management.Automation.RuntimeException: You cannot call a method on a null-valued expression.
                           at CallSite.Target(Closure , CallSite , Object , Object )
                           at <ScriptBlock>(Closure , FunctionContext )
TargetObject          : 
CategoryInfo          : InvalidOperation: (:) [], RuntimeException
FullyQualifiedErrorId : InvokeMethodOnNull
ErrorDetails          : 
InvocationInfo        : System.Management.Automation.InvocationInfo
ScriptStackTrace      : at <ScriptBlock>, C:\Users\Userqwerty\PowerShell\Functions\Get-SoftwareReport.ps1: line 97
                        at Global:Load-ListBoxItems, C:\Users\Userqwerty\PowerShell\Functions\Get-SoftwareReport.ps1: line 94
                        at <ScriptBlock>, C:\Users\Userqwerty\PowerShell\Functions\Get-SoftwareReport.ps1: line 639
                        at Update-JobTracker, C:\Users\Userqwerty\PowerShell\Functions\Get-SoftwareReport.ps1: line 838
                        at <ScriptBlock>, C:\Users\Userqwerty\PowerShell\Functions\Get-SoftwareReport.ps1: line 885
                        at Call-Get-SoftwareReport2_0_11a_pff, C:\Users\Userqwerty\PowerShell\Functions\Get-SoftwareReport.ps1: line 1504
                        at <ScriptBlock>, C:\Users\Userqwerty\PowerShell\Functions\Get-SoftwareReport.ps1: line 1512
PipelineIterationInfo : {}

PSMessageDetails      : 
Exception             : System.Management.Automation.RuntimeException: You cannot call a method on a null-valued expression.
                           at CallSite.Target(Closure , CallSite , Object , Object )
                           at <ScriptBlock>(Closure , FunctionContext )
TargetObject          : 
CategoryInfo          : InvalidOperation: (:) [], RuntimeException
FullyQualifiedErrorId : InvokeMethodOnNull
ErrorDetails          : 
InvocationInfo        : System.Management.Automation.InvocationInfo
ScriptStackTrace      : at <ScriptBlock>, C:\Users\Userqwerty\PowerShell\Functions\Get-SoftwareReport.ps1: line 97
                        at Global:Load-ListBoxItems, C:\Users\Userqwerty\PowerShell\Functions\Get-SoftwareReport.ps1: line 94
                        at <ScriptBlock>, C:\Users\Userqwerty\PowerShell\Functions\Get-SoftwareReport.ps1: line 639
                        at Update-JobTracker, C:\Users\Userqwerty\PowerShell\Functions\Get-SoftwareReport.ps1: line 838
                        at <ScriptBlock>, C:\Users\Userqwerty\PowerShell\Functions\Get-SoftwareReport.ps1: line 885
                        at Call-Get-SoftwareReport2_0_11a_pff, C:\Users\Userqwerty\PowerShell\Functions\Get-SoftwareReport.ps1: line 1504
                        at <ScriptBlock>, C:\Users\Userqwerty\PowerShell\Functions\Get-SoftwareReport.ps1: line 1512
PipelineIterationInfo : {}

PSMessageDetails      : 
Exception             : System.Management.Automation.RuntimeException: You cannot call a method on a null-valued expression.
                           at CallSite.Target(Closure , CallSite , Object , Object )
                           at <ScriptBlock>(Closure , FunctionContext )
TargetObject          : 
CategoryInfo          : InvalidOperation: (:) [], RuntimeException
FullyQualifiedErrorId : InvokeMethodOnNull
ErrorDetails          : 
InvocationInfo        : System.Management.Automation.InvocationInfo
ScriptStackTrace      : at <ScriptBlock>, C:\Users\Userqwerty\PowerShell\Functions\Get-SoftwareReport.ps1: line 97
                        at Global:Load-ListBoxItems, C:\Users\Userqwerty\PowerShell\Functions\Get-SoftwareReport.ps1: line 94
                        at <ScriptBlock>, C:\Users\Userqwerty\PowerShell\Functions\Get-SoftwareReport.ps1: line 639
                        at Update-JobTracker, C:\Users\Userqwerty\PowerShell\Functions\Get-SoftwareReport.ps1: line 838
                        at <ScriptBlock>, C:\Users\Userqwerty\PowerShell\Functions\Get-SoftwareReport.ps1: line 885
                        at Call-Get-SoftwareReport2_0_11a_pff, C:\Users\Userqwerty\PowerShell\Functions\Get-SoftwareReport.ps1: line 1504
                        at <ScriptBlock>, C:\Users\Userqwerty\PowerShell\Functions\Get-SoftwareReport.ps1: line 1512
PipelineIterationInfo : {}

PSMessageDetails      : 
Exception             : System.Management.Automation.RuntimeException: You cannot call a method on a null-valued expression.
                           at CallSite.Target(Closure , CallSite , Object , Object )
                           at <ScriptBlock>(Closure , FunctionContext )
TargetObject          : 
CategoryInfo          : InvalidOperation: (:) [], RuntimeException
FullyQualifiedErrorId : InvokeMethodOnNull
ErrorDetails          : 
InvocationInfo        : System.Management.Automation.InvocationInfo
ScriptStackTrace      : at <ScriptBlock>, C:\Users\Userqwerty\PowerShell\Functions\Get-SoftwareReport.ps1: line 97
                        at Global:Load-ListBoxItems, C:\Users\Userqwerty\PowerShell\Functions\Get-SoftwareReport.ps1: line 94
                        at <ScriptBlock>, C:\Users\Userqwerty\PowerShell\Functions\Get-SoftwareReport.ps1: line 639
                        at Update-JobTracker, C:\Users\Userqwerty\PowerShell\Functions\Get-SoftwareReport.ps1: line 838
                        at <ScriptBlock>, C:\Users\Userqwerty\PowerShell\Functions\Get-SoftwareReport.ps1: line 885
                        at Call-Get-SoftwareReport2_0_11a_pff, C:\Users\Userqwerty\PowerShell\Functions\Get-SoftwareReport.ps1: line 1504
                        at <ScriptBlock>, C:\Users\Userqwerty\PowerShell\Functions\Get-SoftwareReport.ps1: line 1512
PipelineIterationInfo : {}

PSMessageDetails      : 
Exception             : System.Management.Automation.RuntimeException: You cannot call a method on a null-valued expression.
                           at CallSite.Target(Closure , CallSite , Object , Object )
                           at <ScriptBlock>(Closure , FunctionContext )
TargetObject          : 
CategoryInfo          : InvalidOperation: (:) [], RuntimeException
FullyQualifiedErrorId : InvokeMethodOnNull
ErrorDetails          : 
InvocationInfo        : System.Management.Automation.InvocationInfo
ScriptStackTrace      : at <ScriptBlock>, C:\Users\Userqwerty\PowerShell\Functions\Get-SoftwareReport.ps1: line 97
                        at Global:Load-ListBoxItems, C:\Users\Userqwerty\PowerShell\Functions\Get-SoftwareReport.ps1: line 94
                        at <ScriptBlock>, C:\Users\Userqwerty\PowerShell\Functions\Get-SoftwareReport.ps1: line 639
                        at Update-JobTracker, C:\Users\Userqwerty\PowerShell\Functions\Get-SoftwareReport.ps1: line 838
                        at <ScriptBlock>, C:\Users\Userqwerty\PowerShell\Functions\Get-SoftwareReport.ps1: line 885
                        at Call-Get-SoftwareReport2_0_11a_pff, C:\Users\Userqwerty\PowerShell\Functions\Get-SoftwareReport.ps1: line 1504
                        at <ScriptBlock>, C:\Users\Userqwerty\PowerShell\Functions\Get-SoftwareReport.ps1: line 1512
PipelineIterationInfo : {}

PSMessageDetails      : 
Exception             : System.Management.Automation.RuntimeException: You cannot call a method on a null-valued expression.
                           at CallSite.Target(Closure , CallSite , Object , Object )
                           at <ScriptBlock>(Closure , FunctionContext )
TargetObject          : 
CategoryInfo          : InvalidOperation: (:) [], RuntimeException
FullyQualifiedErrorId : InvokeMethodOnNull
ErrorDetails          : 
InvocationInfo        : System.Management.Automation.InvocationInfo
ScriptStackTrace      : at <ScriptBlock>, C:\Users\Userqwerty\PowerShell\Functions\Get-SoftwareReport.ps1: line 97
                        at Global:Load-ListBoxItems, C:\Users\Userqwerty\PowerShell\Functions\Get-SoftwareReport.ps1: line 94
                        at <ScriptBlock>, C:\Users\Userqwerty\PowerShell\Functions\Get-SoftwareReport.ps1: line 639
                        at Update-JobTracker, C:\Users\Userqwerty\PowerShell\Functions\Get-SoftwareReport.ps1: line 838
                        at <ScriptBlock>, C:\Users\Userqwerty\PowerShell\Functions\Get-SoftwareReport.ps1: line 885
                        at Call-Get-SoftwareReport2_0_11a_pff, C:\Users\Userqwerty\PowerShell\Functions\Get-SoftwareReport.ps1: line 1504
                        at <ScriptBlock>, C:\Users\Userqwerty\PowerShell\Functions\Get-SoftwareReport.ps1: line 1512
PipelineIterationInfo : {}

PSMessageDetails      : 
Exception             : System.Management.Automation.RuntimeException: You cannot call a method on a null-valued expression.
                           at CallSite.Target(Closure , CallSite , Object , Object )
                           at <ScriptBlock>(Closure , FunctionContext )
TargetObject          : 
CategoryInfo          : InvalidOperation: (:) [], RuntimeException
FullyQualifiedErrorId : InvokeMethodOnNull
ErrorDetails          : 
InvocationInfo        : System.Management.Automation.InvocationInfo
ScriptStackTrace      : at <ScriptBlock>, C:\Users\Userqwerty\PowerShell\Functions\Get-SoftwareReport.ps1: line 97
                        at Global:Load-ListBoxItems, C:\Users\Userqwerty\PowerShell\Functions\Get-SoftwareReport.ps1: line 94
                        at <ScriptBlock>, C:\Users\Userqwerty\PowerShell\Functions\Get-SoftwareReport.ps1: line 639
                        at Update-JobTracker, C:\Users\Userqwerty\PowerShell\Functions\Get-SoftwareReport.ps1: line 838
                        at <ScriptBlock>, C:\Users\Userqwerty\PowerShell\Functions\Get-SoftwareReport.ps1: line 885
                        at Call-Get-SoftwareReport2_0_11a_pff, C:\Users\Userqwerty\PowerShell\Functions\Get-SoftwareReport.ps1: line 1504
                        at <ScriptBlock>, C:\Users\Userqwerty\PowerShell\Functions\Get-SoftwareReport.ps1: line 1512
PipelineIterationInfo : {}

PSMessageDetails      : 
Exception             : System.Management.Automation.RuntimeException: You cannot call a method on a null-valued expression.
                           at CallSite.Target(Closure , CallSite , Object , Object )
                           at <ScriptBlock>(Closure , FunctionContext )
TargetObject          : 
CategoryInfo          : InvalidOperation: (:) [], RuntimeException
FullyQualifiedErrorId : InvokeMethodOnNull
ErrorDetails          : 
InvocationInfo        : System.Management.Automation.InvocationInfo
ScriptStackTrace      : at <ScriptBlock>, C:\Users\Userqwerty\PowerShell\Functions\Get-SoftwareReport.ps1: line 97
                        at Global:Load-ListBoxItems, C:\Users\Userqwerty\PowerShell\Functions\Get-SoftwareReport.ps1: line 94
                        at <ScriptBlock>, C:\Users\Userqwerty\PowerShell\Functions\Get-SoftwareReport.ps1: line 639
                        at Update-JobTracker, C:\Users\Userqwerty\PowerShell\Functions\Get-SoftwareReport.ps1: line 838
                        at <ScriptBlock>, C:\Users\Userqwerty\PowerShell\Functions\Get-SoftwareReport.ps1: line 885
                        at Call-Get-SoftwareReport2_0_11a_pff, C:\Users\Userqwerty\PowerShell\Functions\Get-SoftwareReport.ps1: line 1504
                        at <ScriptBlock>, C:\Users\Userqwerty\PowerShell\Functions\Get-SoftwareReport.ps1: line 1512
PipelineIterationInfo : {}

PSMessageDetails      : 
Exception             : System.Management.Automation.RuntimeException: You cannot call a method on a null-valued expression.
                           at CallSite.Target(Closure , CallSite , Object , Object )
                           at <ScriptBlock>(Closure , FunctionContext )
TargetObject          : 
CategoryInfo          : InvalidOperation: (:) [], RuntimeException
FullyQualifiedErrorId : InvokeMethodOnNull
ErrorDetails          : 
InvocationInfo        : System.Management.Automation.InvocationInfo
ScriptStackTrace      : at <ScriptBlock>, C:\Users\Userqwerty\PowerShell\Functions\Get-SoftwareReport.ps1: line 97
                        at Global:Load-ListBoxItems, C:\Users\Userqwerty\PowerShell\Functions\Get-SoftwareReport.ps1: line 94
                        at <ScriptBlock>, C:\Users\Userqwerty\PowerShell\Functions\Get-SoftwareReport.ps1: line 639
                        at Update-JobTracker, C:\Users\Userqwerty\PowerShell\Functions\Get-SoftwareReport.ps1: line 838
                        at <ScriptBlock>, C:\Users\Userqwerty\PowerShell\Functions\Get-SoftwareReport.ps1: line 885
                        at Call-Get-SoftwareReport2_0_11a_pff, C:\Users\Userqwerty\PowerShell\Functions\Get-SoftwareReport.ps1: line 1504
                        at <ScriptBlock>, C:\Users\Userqwerty\PowerShell\Functions\Get-SoftwareReport.ps1: line 1512
PipelineIterationInfo : {}

PSMessageDetails      : 
Exception             : System.Management.Automation.RuntimeException: You cannot call a method on a null-valued expression.
                           at CallSite.Target(Closure , CallSite , Object , Object )
                           at <ScriptBlock>(Closure , FunctionContext )
TargetObject          : 
CategoryInfo          : InvalidOperation: (:) [], RuntimeException
FullyQualifiedErrorId : InvokeMethodOnNull
ErrorDetails          : 
InvocationInfo        : System.Management.Automation.InvocationInfo
ScriptStackTrace      : at <ScriptBlock>, C:\Users\Userqwerty\PowerShell\Functions\Get-SoftwareReport.ps1: line 97
                        at Global:Load-ListBoxItems, C:\Users\Userqwerty\PowerShell\Functions\Get-SoftwareReport.ps1: line 94
                        at <ScriptBlock>, C:\Users\Userqwerty\PowerShell\Functions\Get-SoftwareReport.ps1: line 639
                        at Update-JobTracker, C:\Users\Userqwerty\PowerShell\Functions\Get-SoftwareReport.ps1: line 838
                        at <ScriptBlock>, C:\Users\Userqwerty\PowerShell\Functions\Get-SoftwareReport.ps1: line 885
                        at Call-Get-SoftwareReport2_0_11a_pff, C:\Users\Userqwerty\PowerShell\Functions\Get-SoftwareReport.ps1: line 1504
                        at <ScriptBlock>, C:\Users\Userqwerty\PowerShell\Functions\Get-SoftwareReport.ps1: line 1512
PipelineIterationInfo : {}

PSMessageDetails      : 
Exception             : System.Management.Automation.RuntimeException: You cannot call a method on a null-valued expression.
                           at CallSite.Target(Closure , CallSite , Object , Object )
                           at <ScriptBlock>(Closure , FunctionContext )
TargetObject          : 
CategoryInfo          : InvalidOperation: (:) [], RuntimeException
FullyQualifiedErrorId : InvokeMethodOnNull
ErrorDetails          : 
InvocationInfo        : System.Management.Automation.InvocationInfo
ScriptStackTrace      : at <ScriptBlock>, C:\Users\Userqwerty\PowerShell\Functions\Get-SoftwareReport.ps1: line 97
                        at Global:Load-ListBoxItems, C:\Users\Userqwerty\PowerShell\Functions\Get-SoftwareReport.ps1: line 94
                        at <ScriptBlock>, C:\Users\Userqwerty\PowerShell\Functions\Get-SoftwareReport.ps1: line 639
                        at Update-JobTracker, C:\Users\Userqwerty\PowerShell\Functions\Get-SoftwareReport.ps1: line 838
                        at <ScriptBlock>, C:\Users\Userqwerty\PowerShell\Functions\Get-SoftwareReport.ps1: line 885
                        at Call-Get-SoftwareReport2_0_11a_pff, C:\Users\Userqwerty\PowerShell\Functions\Get-SoftwareReport.ps1: line 1504
                        at <ScriptBlock>, C:\Users\Userqwerty\PowerShell\Functions\Get-SoftwareReport.ps1: line 1512
PipelineIterationInfo : {}

PSMessageDetails      : 
Exception             : System.Management.Automation.RuntimeException: You cannot call a method on a null-valued expression.
                           at CallSite.Target(Closure , CallSite , Object , Object )
                           at <ScriptBlock>(Closure , FunctionContext )
TargetObject          : 
CategoryInfo          : InvalidOperation: (:) [], RuntimeException
FullyQualifiedErrorId : InvokeMethodOnNull
ErrorDetails          : 
InvocationInfo        : System.Management.Automation.InvocationInfo
ScriptStackTrace      : at <ScriptBlock>, C:\Users\Userqwerty\PowerShell\Functions\Get-SoftwareReport.ps1: line 97
                        at Global:Load-ListBoxItems, C:\Users\Userqwerty\PowerShell\Functions\Get-SoftwareReport.ps1: line 94
                        at <ScriptBlock>, C:\Users\Userqwerty\PowerShell\Functions\Get-SoftwareReport.ps1: line 639
                        at Update-JobTracker, C:\Users\Userqwerty\PowerShell\Functions\Get-SoftwareReport.ps1: line 838
                        at <ScriptBlock>, C:\Users\Userqwerty\PowerShell\Functions\Get-SoftwareReport.ps1: line 885
                        at Call-Get-SoftwareReport2_0_11a_pff, C:\Users\Userqwerty\PowerShell\Functions\Get-SoftwareReport.ps1: line 1504
                        at <ScriptBlock>, C:\Users\Userqwerty\PowerShell\Functions\Get-SoftwareReport.ps1: line 1512
PipelineIterationInfo : {}

PSMessageDetails      : 
Exception             : System.Management.Automation.RuntimeException: You cannot call a method on a null-valued expression.
                           at CallSite.Target(Closure , CallSite , Object , Object )
                           at <ScriptBlock>(Closure , FunctionContext )
TargetObject          : 
CategoryInfo          : InvalidOperation: (:) [], RuntimeException
FullyQualifiedErrorId : InvokeMethodOnNull
ErrorDetails          : 
InvocationInfo        : System.Management.Automation.InvocationInfo
ScriptStackTrace      : at <ScriptBlock>, C:\Users\Userqwerty\PowerShell\Functions\Get-SoftwareReport.ps1: line 97
                        at Global:Load-ListBoxItems, C:\Users\Userqwerty\PowerShell\Functions\Get-SoftwareReport.ps1: line 94
                        at <ScriptBlock>, C:\Users\Userqwerty\PowerShell\Functions\Get-SoftwareReport.ps1: line 639
                        at Update-JobTracker, C:\Users\Userqwerty\PowerShell\Functions\Get-SoftwareReport.ps1: line 838
                        at <ScriptBlock>, C:\Users\Userqwerty\PowerShell\Functions\Get-SoftwareReport.ps1: line 885
                        at Call-Get-SoftwareReport2_0_11a_pff, C:\Users\Userqwerty\PowerShell\Functions\Get-SoftwareReport.ps1: line 1504
                        at <ScriptBlock>, C:\Users\Userqwerty\PowerShell\Functions\Get-SoftwareReport.ps1: line 1512
PipelineIterationInfo : {}

PSMessageDetails      : 
Exception             : System.Management.Automation.RuntimeException: You cannot call a method on a null-valued expression.
                           at CallSite.Target(Closure , CallSite , Object , Object )
                           at <ScriptBlock>(Closure , FunctionContext )
TargetObject          : 
CategoryInfo          : InvalidOperation: (:) [], RuntimeException
FullyQualifiedErrorId : InvokeMethodOnNull
ErrorDetails          : 
InvocationInfo        : System.Management.Automation.InvocationInfo
ScriptStackTrace      : at <ScriptBlock>, C:\Users\Userqwerty\PowerShell\Functions\Get-SoftwareReport.ps1: line 97
                        at Global:Load-ListBoxItems, C:\Users\Userqwerty\PowerShell\Functions\Get-SoftwareReport.ps1: line 94
                        at <ScriptBlock>, C:\Users\Userqwerty\PowerShell\Functions\Get-SoftwareReport.ps1: line 639
                        at Update-JobTracker, C:\Users\Userqwerty\PowerShell\Functions\Get-SoftwareReport.ps1: line 838
                        at <ScriptBlock>, C:\Users\Userqwerty\PowerShell\Functions\Get-SoftwareReport.ps1: line 885
                        at Call-Get-SoftwareReport2_0_11a_pff, C:\Users\Userqwerty\PowerShell\Functions\Get-SoftwareReport.ps1: line 1504
                        at <ScriptBlock>, C:\Users\Userqwerty\PowerShell\Functions\Get-SoftwareReport.ps1: line 1512
PipelineIterationInfo : {}

PSMessageDetails      : 
Exception             : System.Management.Automation.RuntimeException: You cannot call a method on a null-valued expression.
                           at CallSite.Target(Closure , CallSite , Object , Object )
                           at <ScriptBlock>(Closure , FunctionContext )
TargetObject          : 
CategoryInfo          : InvalidOperation: (:) [], RuntimeException
FullyQualifiedErrorId : InvokeMethodOnNull
ErrorDetails          : 
InvocationInfo        : System.Management.Automation.InvocationInfo
ScriptStackTrace      : at <ScriptBlock>, C:\Users\Userqwerty\PowerShell\Functions\Get-SoftwareReport.ps1: line 97
                        at Global:Load-ListBoxItems, C:\Users\Userqwerty\PowerShell\Functions\Get-SoftwareReport.ps1: line 94
                        at <ScriptBlock>, C:\Users\Userqwerty\PowerShell\Functions\Get-SoftwareReport.ps1: line 639
                        at Update-JobTracker, C:\Users\Userqwerty\PowerShell\Functions\Get-SoftwareReport.ps1: line 838
                        at <ScriptBlock>, C:\Users\Userqwerty\PowerShell\Functions\Get-SoftwareReport.ps1: line 885
                        at Call-Get-SoftwareReport2_0_11a_pff, C:\Users\Userqwerty\PowerShell\Functions\Get-SoftwareReport.ps1: line 1504
                        at <ScriptBlock>, C:\Users\Userqwerty\PowerShell\Functions\Get-SoftwareReport.ps1: line 1512
PipelineIterationInfo : {}

PSMessageDetails      : 
Exception             : System.Management.Automation.RuntimeException: You cannot call a method on a null-valued expression.
                           at CallSite.Target(Closure , CallSite , Object , Object )
                           at <ScriptBlock>(Closure , FunctionContext )
TargetObject          : 
CategoryInfo          : InvalidOperation: (:) [], RuntimeException
FullyQualifiedErrorId : InvokeMethodOnNull
ErrorDetails          : 
InvocationInfo        : System.Management.Automation.InvocationInfo
ScriptStackTrace      : at <ScriptBlock>, C:\Users\Userqwerty\PowerShell\Functions\Get-SoftwareReport.ps1: line 97
                        at Global:Load-ListBoxItems, C:\Users\Userqwerty\PowerShell\Functions\Get-SoftwareReport.ps1: line 94
                        at <ScriptBlock>, C:\Users\Userqwerty\PowerShell\Functions\Get-SoftwareReport.ps1: line 639
                        at Update-JobTracker, C:\Users\Userqwerty\PowerShell\Functions\Get-SoftwareReport.ps1: line 838
                        at <ScriptBlock>, C:\Users\Userqwerty\PowerShell\Functions\Get-SoftwareReport.ps1: line 885
                        at Call-Get-SoftwareReport2_0_11a_pff, C:\Users\Userqwerty\PowerShell\Functions\Get-SoftwareReport.ps1: line 1504
                        at <ScriptBlock>, C:\Users\Userqwerty\PowerShell\Functions\Get-SoftwareReport.ps1: line 1512
PipelineIterationInfo : {}

PSMessageDetails      : 
Exception             : System.Management.Automation.RuntimeException: You cannot call a method on a null-valued expression.
                           at CallSite.Target(Closure , CallSite , Object , Object )
                           at <ScriptBlock>(Closure , FunctionContext )
TargetObject          : 
CategoryInfo          : InvalidOperation: (:) [], RuntimeException
FullyQualifiedErrorId : InvokeMethodOnNull
ErrorDetails          : 
InvocationInfo        : System.Management.Automation.InvocationInfo
ScriptStackTrace      : at <ScriptBlock>, C:\Users\Userqwerty\PowerShell\Functions\Get-SoftwareReport.ps1: line 97
                        at Global:Load-ListBoxItems, C:\Users\Userqwerty\PowerShell\Functions\Get-SoftwareReport.ps1: line 94
                        at <ScriptBlock>, C:\Users\Userqwerty\PowerShell\Functions\Get-SoftwareReport.ps1: line 639
                        at Update-JobTracker, C:\Users\Userqwerty\PowerShell\Functions\Get-SoftwareReport.ps1: line 838
                        at <ScriptBlock>, C:\Users\Userqwerty\PowerShell\Functions\Get-SoftwareReport.ps1: line 885
                        at Call-Get-SoftwareReport2_0_11a_pff, C:\Users\Userqwerty\PowerShell\Functions\Get-SoftwareReport.ps1: line 1504
                        at <ScriptBlock>, C:\Users\Userqwerty\PowerShell\Functions\Get-SoftwareReport.ps1: line 1512
PipelineIterationInfo : {}

PSMessageDetails      : 
Exception             : System.Management.Automation.RuntimeException: You cannot call a method on a null-valued expression.
                           at CallSite.Target(Closure , CallSite , Object , Object )
                           at <ScriptBlock>(Closure , FunctionContext )
TargetObject          : 
CategoryInfo          : InvalidOperation: (:) [], RuntimeException
FullyQualifiedErrorId : InvokeMethodOnNull
ErrorDetails          : 
InvocationInfo        : System.Management.Automation.InvocationInfo
ScriptStackTrace      : at <ScriptBlock>, C:\Users\Userqwerty\PowerShell\Functions\Get-SoftwareReport.ps1: line 97
                        at Global:Load-ListBoxItems, C:\Users\Userqwerty\PowerShell\Functions\Get-SoftwareReport.ps1: line 94
                        at <ScriptBlock>, C:\Users\Userqwerty\PowerShell\Functions\Get-SoftwareReport.ps1: line 639
                        at Update-JobTracker, C:\Users\Userqwerty\PowerShell\Functions\Get-SoftwareReport.ps1: line 838
                        at <ScriptBlock>, C:\Users\Userqwerty\PowerShell\Functions\Get-SoftwareReport.ps1: line 885
                        at Call-Get-SoftwareReport2_0_11a_pff, C:\Users\Userqwerty\PowerShell\Functions\Get-SoftwareReport.ps1: line 1504
                        at <ScriptBlock>, C:\Users\Userqwerty\PowerShell\Functions\Get-SoftwareReport.ps1: line 1512
PipelineIterationInfo : {}

PSMessageDetails      : 
Exception             : System.Management.Automation.RuntimeException: You cannot call a method on a null-valued expression.
                           at CallSite.Target(Closure , CallSite , Object , Object )
                           at <ScriptBlock>(Closure , FunctionContext )
TargetObject          : 
CategoryInfo          : InvalidOperation: (:) [], RuntimeException
FullyQualifiedErrorId : InvokeMethodOnNull
ErrorDetails          : 
InvocationInfo        : System.Management.Automation.InvocationInfo
ScriptStackTrace      : at <ScriptBlock>, C:\Users\Userqwerty\PowerShell\Functions\Get-SoftwareReport.ps1: line 97
                        at Global:Load-ListBoxItems, C:\Users\Userqwerty\PowerShell\Functions\Get-SoftwareReport.ps1: line 94
                        at <ScriptBlock>, C:\Users\Userqwerty\PowerShell\Functions\Get-SoftwareReport.ps1: line 639
                        at Update-JobTracker, C:\Users\Userqwerty\PowerShell\Functions\Get-SoftwareReport.ps1: line 838
                        at <ScriptBlock>, C:\Users\Userqwerty\PowerShell\Functions\Get-SoftwareReport.ps1: line 885
                        at Call-Get-SoftwareReport2_0_11a_pff, C:\Users\Userqwerty\PowerShell\Functions\Get-SoftwareReport.ps1: line 1504
                        at <ScriptBlock>, C:\Users\Userqwerty\PowerShell\Functions\Get-SoftwareReport.ps1: line 1512
PipelineIterationInfo : {}

PSMessageDetails      : 
Exception             : System.Management.Automation.RuntimeException: You cannot call a method on a null-valued expression.
                           at CallSite.Target(Closure , CallSite , Object , Object )
                           at <ScriptBlock>(Closure , FunctionContext )
TargetObject          : 
CategoryInfo          : InvalidOperation: (:) [], RuntimeException
FullyQualifiedErrorId : InvokeMethodOnNull
ErrorDetails          : 
InvocationInfo        : System.Management.Automation.InvocationInfo
ScriptStackTrace      : at <ScriptBlock>, C:\Users\Userqwerty\PowerShell\Functions\Get-SoftwareReport.ps1: line 97
                        at Global:Load-ListBoxItems, C:\Users\Userqwerty\PowerShell\Functions\Get-SoftwareReport.ps1: line 94
                        at <ScriptBlock>, C:\Users\Userqwerty\PowerShell\Functions\Get-SoftwareReport.ps1: line 639
                        at Update-JobTracker, C:\Users\Userqwerty\PowerShell\Functions\Get-SoftwareReport.ps1: line 838
                        at <ScriptBlock>, C:\Users\Userqwerty\PowerShell\Functions\Get-SoftwareReport.ps1: line 885
                        at Call-Get-SoftwareReport2_0_11a_pff, C:\Users\Userqwerty\PowerShell\Functions\Get-SoftwareReport.ps1: line 1504
                        at <ScriptBlock>, C:\Users\Userqwerty\PowerShell\Functions\Get-SoftwareReport.ps1: line 1512
PipelineIterationInfo : {}

PSMessageDetails      : 
Exception             : System.Management.Automation.RuntimeException: You cannot call a method on a null-valued expression.
                           at CallSite.Target(Closure , CallSite , Object , Object )
                           at <ScriptBlock>(Closure , FunctionContext )
TargetObject          : 
CategoryInfo          : InvalidOperation: (:) [], RuntimeException
FullyQualifiedErrorId : InvokeMethodOnNull
ErrorDetails          : 
InvocationInfo        : System.Management.Automation.InvocationInfo
ScriptStackTrace      : at <ScriptBlock>, C:\Users\Userqwerty\PowerShell\Functions\Get-SoftwareReport.ps1: line 97
                        at Global:Load-ListBoxItems, C:\Users\Userqwerty\PowerShell\Functions\Get-SoftwareReport.ps1: line 94
                        at <ScriptBlock>, C:\Users\Userqwerty\PowerShell\Functions\Get-SoftwareReport.ps1: line 639
                        at Update-JobTracker, C:\Users\Userqwerty\PowerShell\Functions\Get-SoftwareReport.ps1: line 838
                        at <ScriptBlock>, C:\Users\Userqwerty\PowerShell\Functions\Get-SoftwareReport.ps1: line 885
                        at Call-Get-SoftwareReport2_0_11a_pff, C:\Users\Userqwerty\PowerShell\Functions\Get-SoftwareReport.ps1: line 1504
                        at <ScriptBlock>, C:\Users\Userqwerty\PowerShell\Functions\Get-SoftwareReport.ps1: line 1512
PipelineIterationInfo : {}

PSMessageDetails      : 
Exception             : System.Management.Automation.RuntimeException: You cannot call a method on a null-valued expression.
                           at CallSite.Target(Closure , CallSite , Object , Object )
                           at <ScriptBlock>(Closure , FunctionContext )
TargetObject          : 
CategoryInfo          : InvalidOperation: (:) [], RuntimeException
FullyQualifiedErrorId : InvokeMethodOnNull
ErrorDetails          : 
InvocationInfo        : System.Management.Automation.InvocationInfo
ScriptStackTrace      : at <ScriptBlock>, C:\Users\Userqwerty\PowerShell\Functions\Get-SoftwareReport.ps1: line 97
                        at Global:Load-ListBoxItems, C:\Users\Userqwerty\PowerShell\Functions\Get-SoftwareReport.ps1: line 94
                        at <ScriptBlock>, C:\Users\Userqwerty\PowerShell\Functions\Get-SoftwareReport.ps1: line 639
                        at Update-JobTracker, C:\Users\Userqwerty\PowerShell\Functions\Get-SoftwareReport.ps1: line 838
                        at <ScriptBlock>, C:\Users\Userqwerty\PowerShell\Functions\Get-SoftwareReport.ps1: line 885
                        at Call-Get-SoftwareReport2_0_11a_pff, C:\Users\Userqwerty\PowerShell\Functions\Get-SoftwareReport.ps1: line 1504
                        at <ScriptBlock>, C:\Users\Userqwerty\PowerShell\Functions\Get-SoftwareReport.ps1: line 1512
PipelineIterationInfo : {}

PSMessageDetails      : 
Exception             : System.Management.Automation.RuntimeException: You cannot call a method on a null-valued expression.
                           at CallSite.Target(Closure , CallSite , Object , Object )
                           at <ScriptBlock>(Closure , FunctionContext )
TargetObject          : 
CategoryInfo          : InvalidOperation: (:) [], RuntimeException
FullyQualifiedErrorId : InvokeMethodOnNull
ErrorDetails          : 
InvocationInfo        : System.Management.Automation.InvocationInfo
ScriptStackTrace      : at <ScriptBlock>, C:\Users\Userqwerty\PowerShell\Functions\Get-SoftwareReport.ps1: line 97
                        at Global:Load-ListBoxItems, C:\Users\Userqwerty\PowerShell\Functions\Get-SoftwareReport.ps1: line 94
                        at <ScriptBlock>, C:\Users\Userqwerty\PowerShell\Functions\Get-SoftwareReport.ps1: line 639
                        at Update-JobTracker, C:\Users\Userqwerty\PowerShell\Functions\Get-SoftwareReport.ps1: line 838
                        at <ScriptBlock>, C:\Users\Userqwerty\PowerShell\Functions\Get-SoftwareReport.ps1: line 885
                        at Call-Get-SoftwareReport2_0_11a_pff, C:\Users\Userqwerty\PowerShell\Functions\Get-SoftwareReport.ps1: line 1504
                        at <ScriptBlock>, C:\Users\Userqwerty\PowerShell\Functions\Get-SoftwareReport.ps1: line 1512
PipelineIterationInfo : {}

PSMessageDetails      : 
Exception             : System.Management.Automation.ParameterBindingValidationException: Cannot validate argument on parameter 'ComputerName'. The argument is null or empty. Provide an argument that is not null or empty, and then try the command again. 
                        ---> System.Management.Automation.ValidationMetadataException: The argument is null or empty. Provide an argument that is not null or empty, and then try the command again.
                           at System.Management.Automation.ValidateNotNullOrEmptyAttribute.Validate(Object arguments, EngineIntrinsics engineIntrinsics)
                           at System.Management.Automation.ParameterBinderBase.BindParameter(CommandParameterInternal parameter, CompiledCommandParameter parameterMetadata, ParameterBindingFlags flags)
                           --- End of inner exception stack trace ---
                           at System.Management.Automation.ParameterBinderBase.BindParameter(CommandParameterInternal parameter, CompiledCommandParameter parameterMetadata, ParameterBindingFlags flags)
                           at System.Management.Automation.CmdletParameterBinderController.BindParameter(CommandParameterInternal argument, MergedCompiledCommandParameter parameter, ParameterBindingFlags flags)
                           at System.Management.Automation.CmdletParameterBinderController.BindParameter(UInt32 parameterSets, CommandParameterInternal argument, MergedCompiledCommandParameter parameter, ParameterBindingFlags flags)
                           at System.Management.Automation.CmdletParameterBinderController.BindParameters(UInt32 parameterSets, Collection`1 arguments)
                           at System.Management.Automation.CmdletParameterBinderController.BindCommandLineParametersNoValidation(Collection`1 arguments)
                           at System.Management.Automation.CmdletParameterBinderController.BindCommandLineParameters(Collection`1 arguments)
                           at System.Management.Automation.CommandProcessor.BindCommandLineParameters()
                           at System.Management.Automation.CommandProcessor.Prepare(IDictionary psDefaultParameterValues)
                           at System.Management.Automation.CommandProcessorBase.DoPrepare(IDictionary psDefaultParameterValues)
                           at System.Management.109.137.240.75.PipelineProcessor.Start(Boolean incomingStream)
                           at System.Management.109.137.240.75.PipelineProcessor.SynchronousExecuteEnumerate(Object input)
                        --- End of stack trace from previous location where exception was thrown ---
                           at System.Runtime.ExceptionServices.ExceptionDispatchInfo.Throw()
                           at System.Management.109.137.240.75.PipelineProcessor.SynchronousExecuteEnumerate(Object input)
                           at System.Management.Automation.PipelineOps.InvokePipeline(Object input, Boolean ignoreInput, CommandParameterInternal[][] pipeElements, CommandBaseAst[] pipeElementAsts, CommandRedirection[][] commandRedirections, 
                        FunctionContext funcContext)
                           at System.Management.Automation.Interpreter.ActionCallInstruction`6.Run(InterpretedFrame frame)
                           at System.Management.Automation.Interpreter.EnterTryCatchFinallyInstruction.Run(InterpretedFrame frame)
                           at System.Management.Automation.Interpreter.EnterTryCatchFinallyInstruction.Run(InterpretedFrame frame)
TargetObject          : 
CategoryInfo          : InvalidData: (:) [Test-Connection], ParameterBindingValidationException
FullyQualifiedErrorId : ParameterArgumentValidationError,Microsoft.PowerShell.Commands.TestConnectionCommand
ErrorDetails          : 
InvocationInfo        : System.Management.Automation.InvocationInfo
ScriptStackTrace      : at <ScriptBlock>, C:\Users\Userqwerty\PowerShell\Functions\Get-SoftwareReport.ps1: line 700
                        at Call-Get-SoftwareReport2_0_11a_pff, C:\Users\Userqwerty\PowerShell\Functions\Get-SoftwareReport.ps1: line 1504
                        at <ScriptBlock>, C:\Users\Userqwerty\PowerShell\Functions\Get-SoftwareReport.ps1: line 1512
PipelineIterationInfo : {}

PSMessageDetails      : 
Exception             : System.Management.Automation.RuntimeException: You cannot call a method on a null-valued expression.
                           at CallSite.Target(Closure , CallSite , Object , Object )
                           at <ScriptBlock>(Closure , FunctionContext )
TargetObject          : 
CategoryInfo          : InvalidOperation: (:) [], RuntimeException
FullyQualifiedErrorId : InvokeMethodOnNull
ErrorDetails          : 
InvocationInfo        : System.Management.Automation.InvocationInfo
ScriptStackTrace      : at <ScriptBlock>, C:\Users\Userqwerty\PowerShell\Functions\Get-SoftwareReport.ps1: line 97
                        at Global:Load-ListBoxItems, C:\Users\Userqwerty\PowerShell\Functions\Get-SoftwareReport.ps1: line 94
                        at <ScriptBlock>, C:\Users\Userqwerty\PowerShell\Functions\Get-SoftwareReport.ps1: line 639
                        at Update-JobTracker, C:\Users\Userqwerty\PowerShell\Functions\Get-SoftwareReport.ps1: line 838
                        at <ScriptBlock>, C:\Users\Userqwerty\PowerShell\Functions\Get-SoftwareReport.ps1: line 885
                        at Call-Get-SoftwareReport2_0_11a_pff, C:\Users\Userqwerty\PowerShell\Functions\Get-SoftwareReport.ps1: line 1504
                        at <ScriptBlock>, C:\Users\Userqwerty\PowerShell\Functions\Get-SoftwareReport.ps1: line 1512
PipelineIterationInfo : {}

PSMessageDetails      : 
Exception             : System.Management.Automation.RuntimeException: You cannot call a method on a null-valued expression.
                           at CallSite.Target(Closure , CallSite , Object , Object )
                           at <ScriptBlock>(Closure , FunctionContext )
TargetObject          : 
CategoryInfo          : InvalidOperation: (:) [], RuntimeException
FullyQualifiedErrorId : InvokeMethodOnNull
ErrorDetails          : 
InvocationInfo        : System.Management.Automation.InvocationInfo
ScriptStackTrace      : at <ScriptBlock>, C:\Users\Userqwerty\PowerShell\Functions\Get-SoftwareReport.ps1: line 97
                        at Global:Load-ListBoxItems, C:\Users\Userqwerty\PowerShell\Functions\Get-SoftwareReport.ps1: line 94
                        at <ScriptBlock>, C:\Users\Userqwerty\PowerShell\Functions\Get-SoftwareReport.ps1: line 639
                        at Update-JobTracker, C:\Users\Userqwerty\PowerShell\Functions\Get-SoftwareReport.ps1: line 838
                        at <ScriptBlock>, C:\Users\Userqwerty\PowerShell\Functions\Get-SoftwareReport.ps1: line 885
                        at Call-Get-SoftwareReport2_0_11a_pff, C:\Users\Userqwerty\PowerShell\Functions\Get-SoftwareReport.ps1: line 1504
                        at <ScriptBlock>, C:\Users\Userqwerty\PowerShell\Functions\Get-SoftwareReport.ps1: line 1512
PipelineIterationInfo : {}

PSMessageDetails      : 
Exception             : System.Management.Automation.RuntimeException: You cannot call a method on a null-valued expression.
                           at CallSite.Target(Closure , CallSite , Object , Object )
                           at <ScriptBlock>(Closure , FunctionContext )
TargetObject          : 
CategoryInfo          : InvalidOperation: (:) [], RuntimeException
FullyQualifiedErrorId : InvokeMethodOnNull
ErrorDetails          : 
InvocationInfo        : System.Management.Automation.InvocationInfo
ScriptStackTrace      : at <ScriptBlock>, C:\Users\Userqwerty\PowerShell\Functions\Get-SoftwareReport.ps1: line 97
                        at Global:Load-ListBoxItems, C:\Users\Userqwerty\PowerShell\Functions\Get-SoftwareReport.ps1: line 94
                        at <ScriptBlock>, C:\Users\Userqwerty\PowerShell\Functions\Get-SoftwareReport.ps1: line 639
                        at Update-JobTracker, C:\Users\Userqwerty\PowerShell\Functions\Get-SoftwareReport.ps1: line 838
                        at <ScriptBlock>, C:\Users\Userqwerty\PowerShell\Functions\Get-SoftwareReport.ps1: line 885
                        at Call-Get-SoftwareReport2_0_11a_pff, C:\Users\Userqwerty\PowerShell\Functions\Get-SoftwareReport.ps1: line 1504
                        at <ScriptBlock>, C:\Users\Userqwerty\PowerShell\Functions\Get-SoftwareReport.ps1: line 1512
PipelineIterationInfo : {}

PSMessageDetails      : 
Exception             : System.Management.Automation.RuntimeException: You cannot call a method on a null-valued expression.
                           at CallSite.Target(Closure , CallSite , Object , Object )
                           at <ScriptBlock>(Closure , FunctionContext )
TargetObject          : 
CategoryInfo          : InvalidOperation: (:) [], RuntimeException
FullyQualifiedErrorId : InvokeMethodOnNull
ErrorDetails          : 
InvocationInfo        : System.Management.Automation.InvocationInfo
ScriptStackTrace      : at <ScriptBlock>, C:\Users\Userqwerty\PowerShell\Functions\Get-SoftwareReport.ps1: line 97
                        at Global:Load-ListBoxItems, C:\Users\Userqwerty\PowerShell\Functions\Get-SoftwareReport.ps1: line 94
                        at <ScriptBlock>, C:\Users\Userqwerty\PowerShell\Functions\Get-SoftwareReport.ps1: line 639
                        at Update-JobTracker, C:\Users\Userqwerty\PowerShell\Functions\Get-SoftwareReport.ps1: line 838
                        at <ScriptBlock>, C:\Users\Userqwerty\PowerShell\Functions\Get-SoftwareReport.ps1: line 885
                        at Call-Get-SoftwareReport2_0_11a_pff, C:\Users\Userqwerty\PowerShell\Functions\Get-SoftwareReport.ps1: line 1504
                        at <ScriptBlock>, C:\Users\Userqwerty\PowerShell\Functions\Get-SoftwareReport.ps1: line 1512
PipelineIterationInfo : {}

PSMessageDetails      : 
Exception             : System.Management.Automation.RuntimeException: You cannot call a method on a null-valued expression.
                           at CallSite.Target(Closure , CallSite , Object , Object )
                           at <ScriptBlock>(Closure , FunctionContext )
TargetObject          : 
CategoryInfo          : InvalidOperation: (:) [], RuntimeException
FullyQualifiedErrorId : InvokeMethodOnNull
ErrorDetails          : 
InvocationInfo        : System.Management.Automation.InvocationInfo
ScriptStackTrace      : at <ScriptBlock>, C:\Users\Userqwerty\PowerShell\Functions\Get-SoftwareReport.ps1: line 97
                        at Global:Load-ListBoxItems, C:\Users\Userqwerty\PowerShell\Functions\Get-SoftwareReport.ps1: line 94
                        at <ScriptBlock>, C:\Users\Userqwerty\PowerShell\Functions\Get-SoftwareReport.ps1: line 639
                        at Update-JobTracker, C:\Users\Userqwerty\PowerShell\Functions\Get-SoftwareReport.ps1: line 838
                        at <ScriptBlock>, C:\Users\Userqwerty\PowerShell\Functions\Get-SoftwareReport.ps1: line 885
                        at Call-Get-SoftwareReport2_0_11a_pff, C:\Users\Userqwerty\PowerShell\Functions\Get-SoftwareReport.ps1: line 1504
                        at <ScriptBlock>, C:\Users\Userqwerty\PowerShell\Functions\Get-SoftwareReport.ps1: line 1512
PipelineIterationInfo : {}

PSMessageDetails      : 
Exception             : System.Management.Automation.RuntimeException: You cannot call a method on a null-valued expression.
                           at CallSite.Target(Closure , CallSite , Object , Object )
                           at <ScriptBlock>(Closure , FunctionContext )
TargetObject          : 
CategoryInfo          : InvalidOperation: (:) [], RuntimeException
FullyQualifiedErrorId : InvokeMethodOnNull
ErrorDetails          : 
InvocationInfo        : System.Management.Automation.InvocationInfo
ScriptStackTrace      : at <ScriptBlock>, C:\Users\Userqwerty\PowerShell\Functions\Get-SoftwareReport.ps1: line 97
                        at Global:Load-ListBoxItems, C:\Users\Userqwerty\PowerShell\Functions\Get-SoftwareReport.ps1: line 94
                        at <ScriptBlock>, C:\Users\Userqwerty\PowerShell\Functions\Get-SoftwareReport.ps1: line 639
                        at Update-JobTracker, C:\Users\Userqwerty\PowerShell\Functions\Get-SoftwareReport.ps1: line 838
                        at <ScriptBlock>, C:\Users\Userqwerty\PowerShell\Functions\Get-SoftwareReport.ps1: line 885
                        at Call-Get-SoftwareReport2_0_11a_pff, C:\Users\Userqwerty\PowerShell\Functions\Get-SoftwareReport.ps1: line 1504
                        at <ScriptBlock>, C:\Users\Userqwerty\PowerShell\Functions\Get-SoftwareReport.ps1: line 1512
PipelineIterationInfo : {}

PSMessageDetails      : 
Exception             : System.Management.Automation.RuntimeException: You cannot call a method on a null-valued expression.
                           at CallSite.Target(Closure , CallSite , Object , Object )
                           at <ScriptBlock>(Closure , FunctionContext )
TargetObject          : 
CategoryInfo          : InvalidOperation: (:) [], RuntimeException
FullyQualifiedErrorId : InvokeMethodOnNull
ErrorDetails          : 
InvocationInfo        : System.Management.Automation.InvocationInfo
ScriptStackTrace      : at <ScriptBlock>, C:\Users\Userqwerty\PowerShell\Functions\Get-SoftwareReport.ps1: line 97
                        at Global:Load-ListBoxItems, C:\Users\Userqwerty\PowerShell\Functions\Get-SoftwareReport.ps1: line 94
                        at <ScriptBlock>, C:\Users\Userqwerty\PowerShell\Functions\Get-SoftwareReport.ps1: line 639
                        at Update-JobTracker, C:\Users\Userqwerty\PowerShell\Functions\Get-SoftwareReport.ps1: line 838
                        at <ScriptBlock>, C:\Users\Userqwerty\PowerShell\Functions\Get-SoftwareReport.ps1: line 885
                        at Call-Get-SoftwareReport2_0_11a_pff, C:\Users\Userqwerty\PowerShell\Functions\Get-SoftwareReport.ps1: line 1504
                        at <ScriptBlock>, C:\Users\Userqwerty\PowerShell\Functions\Get-SoftwareReport.ps1: line 1512
PipelineIterationInfo : {}

PSMessageDetails      : 
Exception             : System.Management.Automation.RuntimeException: You cannot call a method on a null-valued expression.
                           at CallSite.Target(Closure , CallSite , Object , Object )
                           at <ScriptBlock>(Closure , FunctionContext )
TargetObject          : 
CategoryInfo          : InvalidOperation: (:) [], RuntimeException
FullyQualifiedErrorId : InvokeMethodOnNull
ErrorDetails          : 
InvocationInfo        : System.Management.Automation.InvocationInfo
ScriptStackTrace      : at <ScriptBlock>, C:\Users\Userqwerty\PowerShell\Functions\Get-SoftwareReport.ps1: line 97
                        at Global:Load-ListBoxItems, C:\Users\Userqwerty\PowerShell\Functions\Get-SoftwareReport.ps1: line 94
                        at <ScriptBlock>, C:\Users\Userqwerty\PowerShell\Functions\Get-SoftwareReport.ps1: line 639
                        at Update-JobTracker, C:\Users\Userqwerty\PowerShell\Functions\Get-SoftwareReport.ps1: line 838
                        at <ScriptBlock>, C:\Users\Userqwerty\PowerShell\Functions\Get-SoftwareReport.ps1: line 885
                        at Call-Get-SoftwareReport2_0_11a_pff, C:\Users\Userqwerty\PowerShell\Functions\Get-SoftwareReport.ps1: line 1504
                        at <ScriptBlock>, C:\Users\Userqwerty\PowerShell\Functions\Get-SoftwareReport.ps1: line 1512
PipelineIterationInfo : {}

PSMessageDetails      : 
Exception             : System.Management.Automation.RuntimeException: You cannot call a method on a null-valued expression.
                           at CallSite.Target(Closure , CallSite , Object , Object )
                           at <ScriptBlock>(Closure , FunctionContext )
TargetObject          : 
CategoryInfo          : InvalidOperation: (:) [], RuntimeException
FullyQualifiedErrorId : InvokeMethodOnNull
ErrorDetails          : 
InvocationInfo        : System.Management.Automation.InvocationInfo
ScriptStackTrace      : at <ScriptBlock>, C:\Users\Userqwerty\PowerShell\Functions\Get-SoftwareReport.ps1: line 97
                        at Global:Load-ListBoxItems, C:\Users\Userqwerty\PowerShell\Functions\Get-SoftwareReport.ps1: line 94
                        at <ScriptBlock>, C:\Users\Userqwerty\PowerShell\Functions\Get-SoftwareReport.ps1: line 639
                        at Update-JobTracker, C:\Users\Userqwerty\PowerShell\Functions\Get-SoftwareReport.ps1: line 838
                        at <ScriptBlock>, C:\Users\Userqwerty\PowerShell\Functions\Get-SoftwareReport.ps1: line 885
                        at Call-Get-SoftwareReport2_0_11a_pff, C:\Users\Userqwerty\PowerShell\Functions\Get-SoftwareReport.ps1: line 1504
                        at <ScriptBlock>, C:\Users\Userqwerty\PowerShell\Functions\Get-SoftwareReport.ps1: line 1512
PipelineIterationInfo : {}

PSMessageDetails      : 
Exception             : System.Management.Automation.RuntimeException: You cannot call a method on a null-valued expression.
                           at CallSite.Target(Closure , CallSite , Object , Object )
                           at <ScriptBlock>(Closure , FunctionContext )
TargetObject          : 
CategoryInfo          : InvalidOperation: (:) [], RuntimeException
FullyQualifiedErrorId : InvokeMethodOnNull
ErrorDetails          : 
InvocationInfo        : System.Management.Automation.InvocationInfo
ScriptStackTrace      : at <ScriptBlock>, C:\Users\Userqwerty\PowerShell\Functions\Get-SoftwareReport.ps1: line 97
                        at Global:Load-ListBoxItems, C:\Users\Userqwerty\PowerShell\Functions\Get-SoftwareReport.ps1: line 94
                        at <ScriptBlock>, C:\Users\Userqwerty\PowerShell\Functions\Get-SoftwareReport.ps1: line 639
                        at Update-JobTracker, C:\Users\Userqwerty\PowerShell\Functions\Get-SoftwareReport.ps1: line 838
                        at <ScriptBlock>, C:\Users\Userqwerty\PowerShell\Functions\Get-SoftwareReport.ps1: line 885
                        at Call-Get-SoftwareReport2_0_11a_pff, C:\Users\Userqwerty\PowerShell\Functions\Get-SoftwareReport.ps1: line 1504
                        at <ScriptBlock>, C:\Users\Userqwerty\PowerShell\Functions\Get-SoftwareReport.ps1: line 1512
PipelineIterationInfo : {}

PSMessageDetails      : 
Exception             : System.Management.Automation.RuntimeException: You cannot call a method on a null-valued expression.
                           at CallSite.Target(Closure , CallSite , Object , Object )
                           at <ScriptBlock>(Closure , FunctionContext )
TargetObject          : 
CategoryInfo          : InvalidOperation: (:) [], RuntimeException
FullyQualifiedErrorId : InvokeMethodOnNull
ErrorDetails          : 
InvocationInfo        : System.Management.Automation.InvocationInfo
ScriptStackTrace      : at <ScriptBlock>, C:\Users\Userqwerty\PowerShell\Functions\Get-SoftwareReport.ps1: line 97
                        at Global:Load-ListBoxItems, C:\Users\Userqwerty\PowerShell\Functions\Get-SoftwareReport.ps1: line 94
                        at <ScriptBlock>, C:\Users\Userqwerty\PowerShell\Functions\Get-SoftwareReport.ps1: line 639
                        at Update-JobTracker, C:\Users\Userqwerty\PowerShell\Functions\Get-SoftwareReport.ps1: line 838
                        at <ScriptBlock>, C:\Users\Userqwerty\PowerShell\Functions\Get-SoftwareReport.ps1: line 885
                        at Call-Get-SoftwareReport2_0_11a_pff, C:\Users\Userqwerty\PowerShell\Functions\Get-SoftwareReport.ps1: line 1504
                        at <ScriptBlock>, C:\Users\Userqwerty\PowerShell\Functions\Get-SoftwareReport.ps1: line 1512
PipelineIterationInfo : {}

PSMessageDetails      : 
Exception             : System.Management.Automation.RuntimeException: You cannot call a method on a null-valued expression.
                           at CallSite.Target(Closure , CallSite , Object , Object )
                           at <ScriptBlock>(Closure , FunctionContext )
TargetObject          : 
CategoryInfo          : InvalidOperation: (:) [], RuntimeException
FullyQualifiedErrorId : InvokeMethodOnNull
ErrorDetails          : 
InvocationInfo        : System.Management.Automation.InvocationInfo
ScriptStackTrace      : at <ScriptBlock>, C:\Users\Userqwerty\PowerShell\Functions\Get-SoftwareReport.ps1: line 97
                        at Global:Load-ListBoxItems, C:\Users\Userqwerty\PowerShell\Functions\Get-SoftwareReport.ps1: line 94
                        at <ScriptBlock>, C:\Users\Userqwerty\PowerShell\Functions\Get-SoftwareReport.ps1: line 639
                        at Update-JobTracker, C:\Users\Userqwerty\PowerShell\Functions\Get-SoftwareReport.ps1: line 838
                        at <ScriptBlock>, C:\Users\Userqwerty\PowerShell\Functions\Get-SoftwareReport.ps1: line 885
                        at Call-Get-SoftwareReport2_0_11a_pff, C:\Users\Userqwerty\PowerShell\Functions\Get-SoftwareReport.ps1: line 1504
                        at <ScriptBlock>, C:\Users\Userqwerty\PowerShell\Functions\Get-SoftwareReport.ps1: line 1512
PipelineIterationInfo : {}

PSMessageDetails      : 
Exception             : System.Management.Automation.RuntimeException: You cannot call a method on a null-valued expression.
                           at CallSite.Target(Closure , CallSite , Object , Object )
                           at <ScriptBlock>(Closure , FunctionContext )
TargetObject          : 
CategoryInfo          : InvalidOperation: (:) [], RuntimeException
FullyQualifiedErrorId : InvokeMethodOnNull
ErrorDetails          : 
InvocationInfo        : System.Management.Automation.InvocationInfo
ScriptStackTrace      : at <ScriptBlock>, C:\Users\Userqwerty\PowerShell\Functions\Get-SoftwareReport.ps1: line 97
                        at Global:Load-ListBoxItems, C:\Users\Userqwerty\PowerShell\Functions\Get-SoftwareReport.ps1: line 94
                        at <ScriptBlock>, C:\Users\Userqwerty\PowerShell\Functions\Get-SoftwareReport.ps1: line 639
                        at Update-JobTracker, C:\Users\Userqwerty\PowerShell\Functions\Get-SoftwareReport.ps1: line 838
                        at <ScriptBlock>, C:\Users\Userqwerty\PowerShell\Functions\Get-SoftwareReport.ps1: line 885
                        at Call-Get-SoftwareReport2_0_11a_pff, C:\Users\Userqwerty\PowerShell\Functions\Get-SoftwareReport.ps1: line 1504
                        at <ScriptBlock>, C:\Users\Userqwerty\PowerShell\Functions\Get-SoftwareReport.ps1: line 1512
PipelineIterationInfo : {}

PSMessageDetails      : 
Exception             : System.Management.Automation.RuntimeException: You cannot call a method on a null-valued expression.
                           at CallSite.Target(Closure , CallSite , Object , Object )
                           at <ScriptBlock>(Closure , FunctionContext )
TargetObject          : 
CategoryInfo          : InvalidOperation: (:) [], RuntimeException
FullyQualifiedErrorId : InvokeMethodOnNull
ErrorDetails          : 
InvocationInfo        : System.Management.Automation.InvocationInfo
ScriptStackTrace      : at <ScriptBlock>, C:\Users\Userqwerty\PowerShell\Functions\Get-SoftwareReport.ps1: line 97
                        at Global:Load-ListBoxItems, C:\Users\Userqwerty\PowerShell\Functions\Get-SoftwareReport.ps1: line 94
                        at <ScriptBlock>, C:\Users\Userqwerty\PowerShell\Functions\Get-SoftwareReport.ps1: line 639
                        at Update-JobTracker, C:\Users\Userqwerty\PowerShell\Functions\Get-SoftwareReport.ps1: line 838
                        at <ScriptBlock>, C:\Users\Userqwerty\PowerShell\Functions\Get-SoftwareReport.ps1: line 885
                        at Call-Get-SoftwareReport2_0_11a_pff, C:\Users\Userqwerty\PowerShell\Functions\Get-SoftwareReport.ps1: line 1504
                        at <ScriptBlock>, C:\Users\Userqwerty\PowerShell\Functions\Get-SoftwareReport.ps1: line 1512
PipelineIterationInfo : {}

PSMessageDetails      : 
Exception             : System.Management.Automation.RuntimeException: You cannot call a method on a null-valued expression.
                           at CallSite.Target(Closure , CallSite , Object , Object )
                           at <ScriptBlock>(Closure , FunctionContext )
TargetObject          : 
CategoryInfo          : InvalidOperation: (:) [], RuntimeException
FullyQualifiedErrorId : InvokeMethodOnNull
ErrorDetails          : 
InvocationInfo        : System.Management.Automation.InvocationInfo
ScriptStackTrace      : at <ScriptBlock>, C:\Users\Userqwerty\PowerShell\Functions\Get-SoftwareReport.ps1: line 97
                        at Global:Load-ListBoxItems, C:\Users\Userqwerty\PowerShell\Functions\Get-SoftwareReport.ps1: line 94
                        at <ScriptBlock>, C:\Users\Userqwerty\PowerShell\Functions\Get-SoftwareReport.ps1: line 639
                        at Update-JobTracker, C:\Users\Userqwerty\PowerShell\Functions\Get-SoftwareReport.ps1: line 838
                        at <ScriptBlock>, C:\Users\Userqwerty\PowerShell\Functions\Get-SoftwareReport.ps1: line 885
                        at Call-Get-SoftwareReport2_0_11a_pff, C:\Users\Userqwerty\PowerShell\Functions\Get-SoftwareReport.ps1: line 1504
                        at <ScriptBlock>, C:\Users\Userqwerty\PowerShell\Functions\Get-SoftwareReport.ps1: line 1512
PipelineIterationInfo : {}

PSMessageDetails      : 
Exception             : System.Management.Automation.RuntimeException: You cannot call a method on a null-valued expression.
                           at CallSite.Target(Closure , CallSite , Object , Object )
                           at <ScriptBlock>(Closure , FunctionContext )
TargetObject          : 
CategoryInfo          : InvalidOperation: (:) [], RuntimeException
FullyQualifiedErrorId : InvokeMethodOnNull
ErrorDetails          : 
InvocationInfo        : System.Management.Automation.InvocationInfo
ScriptStackTrace      : at <ScriptBlock>, C:\Users\Userqwerty\PowerShell\Functions\Get-SoftwareReport.ps1: line 97
                        at Global:Load-ListBoxItems, C:\Users\Userqwerty\PowerShell\Functions\Get-SoftwareReport.ps1: line 94
                        at <ScriptBlock>, C:\Users\Userqwerty\PowerShell\Functions\Get-SoftwareReport.ps1: line 639
                        at Update-JobTracker, C:\Users\Userqwerty\PowerShell\Functions\Get-SoftwareReport.ps1: line 838
                        at <ScriptBlock>, C:\Users\Userqwerty\PowerShell\Functions\Get-SoftwareReport.ps1: line 885
                        at Call-Get-SoftwareReport2_0_11a_pff, C:\Users\Userqwerty\PowerShell\Functions\Get-SoftwareReport.ps1: line 1504
                        at <ScriptBlock>, C:\Users\Userqwerty\PowerShell\Functions\Get-SoftwareReport.ps1: line 1512
PipelineIterationInfo : {}

PSMessageDetails      : 
Exception             : System.Management.Automation.RuntimeException: You cannot call a method on a null-valued expression.
                           at CallSite.Target(Closure , CallSite , Object , Object )
                           at <ScriptBlock>(Closure , FunctionContext )
TargetObject          : 
CategoryInfo          : InvalidOperation: (:) [], RuntimeException
FullyQualifiedErrorId : InvokeMethodOnNull
ErrorDetails          : 
InvocationInfo        : System.Management.Automation.InvocationInfo
ScriptStackTrace      : at <ScriptBlock>, C:\Users\Userqwerty\PowerShell\Functions\Get-SoftwareReport.ps1: line 97
                        at Global:Load-ListBoxItems, C:\Users\Userqwerty\PowerShell\Functions\Get-SoftwareReport.ps1: line 94
                        at <ScriptBlock>, C:\Users\Userqwerty\PowerShell\Functions\Get-SoftwareReport.ps1: line 639
                        at Update-JobTracker, C:\Users\Userqwerty\PowerShell\Functions\Get-SoftwareReport.ps1: line 838
                        at <ScriptBlock>, C:\Users\Userqwerty\PowerShell\Functions\Get-SoftwareReport.ps1: line 885
                        at Call-Get-SoftwareReport2_0_11a_pff, C:\Users\Userqwerty\PowerShell\Functions\Get-SoftwareReport.ps1: line 1504
                        at <ScriptBlock>, C:\Users\Userqwerty\PowerShell\Functions\Get-SoftwareReport.ps1: line 1512
PipelineIterationInfo : {}

PSMessageDetails      : 
Exception             : System.Management.Automation.RuntimeException: You cannot call a method on a null-valued expression.
                           at CallSite.Target(Closure , CallSite , Object , Object )
                           at <ScriptBlock>(Closure , FunctionContext )
TargetObject          : 
CategoryInfo          : InvalidOperation: (:) [], RuntimeException
FullyQualifiedErrorId : InvokeMethodOnNull
ErrorDetails          : 
InvocationInfo        : System.Management.Automation.InvocationInfo
ScriptStackTrace      : at <ScriptBlock>, C:\Users\Userqwerty\PowerShell\Functions\Get-SoftwareReport.ps1: line 97
                        at Global:Load-ListBoxItems, C:\Users\Userqwerty\PowerShell\Functions\Get-SoftwareReport.ps1: line 94
                        at <ScriptBlock>, C:\Users\Userqwerty\PowerShell\Functions\Get-SoftwareReport.ps1: line 639
                        at Update-JobTracker, C:\Users\Userqwerty\PowerShell\Functions\Get-SoftwareReport.ps1: line 838
                        at <ScriptBlock>, C:\Users\Userqwerty\PowerShell\Functions\Get-SoftwareReport.ps1: line 885
                        at Call-Get-SoftwareReport2_0_11a_pff, C:\Users\Userqwerty\PowerShell\Functions\Get-SoftwareReport.ps1: line 1504
                        at <ScriptBlock>, C:\Users\Userqwerty\PowerShell\Functions\Get-SoftwareReport.ps1: line 1512
PipelineIterationInfo : {}

PSMessageDetails      : 
Exception             : System.Management.Automation.RuntimeException: You cannot call a method on a null-valued expression.
                           at CallSite.Target(Closure , CallSite , Object , Object )
                           at <ScriptBlock>(Closure , FunctionContext )
TargetObject          : 
CategoryInfo          : InvalidOperation: (:) [], RuntimeException
FullyQualifiedErrorId : InvokeMethodOnNull
ErrorDetails          : 
InvocationInfo        : System.Management.Automation.InvocationInfo
ScriptStackTrace      : at <ScriptBlock>, C:\Users\Userqwerty\PowerShell\Functions\Get-SoftwareReport.ps1: line 97
                        at Global:Load-ListBoxItems, C:\Users\Userqwerty\PowerShell\Functions\Get-SoftwareReport.ps1: line 94
                        at <ScriptBlock>, C:\Users\Userqwerty\PowerShell\Functions\Get-SoftwareReport.ps1: line 639
                        at Update-JobTracker, C:\Users\Userqwerty\PowerShell\Functions\Get-SoftwareReport.ps1: line 838
                        at <ScriptBlock>, C:\Users\Userqwerty\PowerShell\Functions\Get-SoftwareReport.ps1: line 885
                        at Call-Get-SoftwareReport2_0_11a_pff, C:\Users\Userqwerty\PowerShell\Functions\Get-SoftwareReport.ps1: line 1504
                        at <ScriptBlock>, C:\Users\Userqwerty\PowerShell\Functions\Get-SoftwareReport.ps1: line 1512
PipelineIterationInfo : {}

PSMessageDetails      : 
Exception             : System.Management.Automation.RuntimeException: You cannot call a method on a null-valued expression.
                           at CallSite.Target(Closure , CallSite , Object , Object )
                           at <ScriptBlock>(Closure , FunctionContext )
TargetObject          : 
CategoryInfo          : InvalidOperation: (:) [], RuntimeException
FullyQualifiedErrorId : InvokeMethodOnNull
ErrorDetails          : 
InvocationInfo        : System.Management.Automation.InvocationInfo
ScriptStackTrace      : at <ScriptBlock>, C:\Users\Userqwerty\PowerShell\Functions\Get-SoftwareReport.ps1: line 97
                        at Global:Load-ListBoxItems, C:\Users\Userqwerty\PowerShell\Functions\Get-SoftwareReport.ps1: line 94
                        at <ScriptBlock>, C:\Users\Userqwerty\PowerShell\Functions\Get-SoftwareReport.ps1: line 639
                        at Update-JobTracker, C:\Users\Userqwerty\PowerShell\Functions\Get-SoftwareReport.ps1: line 838
                        at <ScriptBlock>, C:\Users\Userqwerty\PowerShell\Functions\Get-SoftwareReport.ps1: line 885
                        at Call-Get-SoftwareReport2_0_11a_pff, C:\Users\Userqwerty\PowerShell\Functions\Get-SoftwareReport.ps1: line 1504
                        at <ScriptBlock>, C:\Users\Userqwerty\PowerShell\Functions\Get-SoftwareReport.ps1: line 1512
PipelineIterationInfo : {}

PSMessageDetails      : 
Exception             : System.Management.Automation.RuntimeException: You cannot call a method on a null-valued expression.
                           at CallSite.Target(Closure , CallSite , Object , Object )
                           at <ScriptBlock>(Closure , FunctionContext )
TargetObject          : 
CategoryInfo          : InvalidOperation: (:) [], RuntimeException
FullyQualifiedErrorId : InvokeMethodOnNull
ErrorDetails          : 
InvocationInfo        : System.Management.Automation.InvocationInfo
ScriptStackTrace      : at <ScriptBlock>, C:\Users\Userqwerty\PowerShell\Functions\Get-SoftwareReport.ps1: line 97
                        at Global:Load-ListBoxItems, C:\Users\Userqwerty\PowerShell\Functions\Get-SoftwareReport.ps1: line 94
                        at <ScriptBlock>, C:\Users\Userqwerty\PowerShell\Functions\Get-SoftwareReport.ps1: line 639
                        at Update-JobTracker, C:\Users\Userqwerty\PowerShell\Functions\Get-SoftwareReport.ps1: line 838
                        at <ScriptBlock>, C:\Users\Userqwerty\PowerShell\Functions\Get-SoftwareReport.ps1: line 885
                        at Call-Get-SoftwareReport2_0_11a_pff, C:\Users\Userqwerty\PowerShell\Functions\Get-SoftwareReport.ps1: line 1504
                        at <ScriptBlock>, C:\Users\Userqwerty\PowerShell\Functions\Get-SoftwareReport.ps1: line 1512
PipelineIterationInfo : {}

PSMessageDetails      : 
Exception             : System.Management.Automation.RuntimeException: You cannot call a method on a null-valued expression.
                           at CallSite.Target(Closure , CallSite , Object , Object )
                           at <ScriptBlock>(Closure , FunctionContext )
TargetObject          : 
CategoryInfo          : InvalidOperation: (:) [], RuntimeException
FullyQualifiedErrorId : InvokeMethodOnNull
ErrorDetails          : 
InvocationInfo        : System.Management.Automation.InvocationInfo
ScriptStackTrace      : at <ScriptBlock>, C:\Users\Userqwerty\PowerShell\Functions\Get-SoftwareReport.ps1: line 97
                        at Global:Load-ListBoxItems, C:\Users\Userqwerty\PowerShell\Functions\Get-SoftwareReport.ps1: line 94
                        at <ScriptBlock>, C:\Users\Userqwerty\PowerShell\Functions\Get-SoftwareReport.ps1: line 639
                        at Update-JobTracker, C:\Users\Userqwerty\PowerShell\Functions\Get-SoftwareReport.ps1: line 838
                        at <ScriptBlock>, C:\Users\Userqwerty\PowerShell\Functions\Get-SoftwareReport.ps1: line 885
                        at Call-Get-SoftwareReport2_0_11a_pff, C:\Users\Userqwerty\PowerShell\Functions\Get-SoftwareReport.ps1: line 1504
                        at <ScriptBlock>, C:\Users\Userqwerty\PowerShell\Functions\Get-SoftwareReport.ps1: line 1512
PipelineIterationInfo : {}

PSMessageDetails      : 
Exception             : System.Management.Automation.RuntimeException: You cannot call a method on a null-valued expression.
                           at CallSite.Target(Closure , CallSite , Object , Object )
                           at <ScriptBlock>(Closure , FunctionContext )
TargetObject          : 
CategoryInfo          : InvalidOperation: (:) [], RuntimeException
FullyQualifiedErrorId : InvokeMethodOnNull
ErrorDetails          : 
InvocationInfo        : System.Management.Automation.InvocationInfo
ScriptStackTrace      : at <ScriptBlock>, C:\Users\Userqwerty\PowerShell\Functions\Get-SoftwareReport.ps1: line 97
                        at Global:Load-ListBoxItems, C:\Users\Userqwerty\PowerShell\Functions\Get-SoftwareReport.ps1: line 94
                        at <ScriptBlock>, C:\Users\Userqwerty\PowerShell\Functions\Get-SoftwareReport.ps1: line 639
                        at Update-JobTracker, C:\Users\Userqwerty\PowerShell\Functions\Get-SoftwareReport.ps1: line 838
                        at <ScriptBlock>, C:\Users\Userqwerty\PowerShell\Functions\Get-SoftwareReport.ps1: line 885
                        at Call-Get-SoftwareReport2_0_11a_pff, C:\Users\Userqwerty\PowerShell\Functions\Get-SoftwareReport.ps1: line 1504
                        at <ScriptBlock>, C:\Users\Userqwerty\PowerShell\Functions\Get-SoftwareReport.ps1: line 1512
PipelineIterationInfo : {}

PSMessageDetails      : 
Exception             : System.Management.Automation.RuntimeException: You cannot call a method on a null-valued expression.
                           at CallSite.Target(Closure , CallSite , Object , Object )
                           at <ScriptBlock>(Closure , FunctionContext )
TargetObject          : 
CategoryInfo          : InvalidOperation: (:) [], RuntimeException
FullyQualifiedErrorId : InvokeMethodOnNull
ErrorDetails          : 
InvocationInfo        : System.Management.Automation.InvocationInfo
ScriptStackTrace      : at <ScriptBlock>, C:\Users\Userqwerty\PowerShell\Functions\Get-SoftwareReport.ps1: line 97
                        at Global:Load-ListBoxItems, C:\Users\Userqwerty\PowerShell\Functions\Get-SoftwareReport.ps1: line 94
                        at <ScriptBlock>, C:\Users\Userqwerty\PowerShell\Functions\Get-SoftwareReport.ps1: line 639
                        at Update-JobTracker, C:\Users\Userqwerty\PowerShell\Functions\Get-SoftwareReport.ps1: line 838
                        at <ScriptBlock>, C:\Users\Userqwerty\PowerShell\Functions\Get-SoftwareReport.ps1: line 885
                        at Call-Get-SoftwareReport2_0_11a_pff, C:\Users\Userqwerty\PowerShell\Functions\Get-SoftwareReport.ps1: line 1504
                        at <ScriptBlock>, C:\Users\Userqwerty\PowerShell\Functions\Get-SoftwareReport.ps1: line 1512
PipelineIterationInfo : {}

PSMessageDetails      : 
Exception             : System.Management.Automation.RuntimeException: You cannot call a method on a null-valued expression.
                           at CallSite.Target(Closure , CallSite , Object , Object )
                           at <ScriptBlock>(Closure , FunctionContext )
TargetObject          : 
CategoryInfo          : InvalidOperation: (:) [], RuntimeException
FullyQualifiedErrorId : InvokeMethodOnNull
ErrorDetails          : 
InvocationInfo        : System.Management.Automation.InvocationInfo
ScriptStackTrace      : at <ScriptBlock>, C:\Users\Userqwerty\PowerShell\Functions\Get-SoftwareReport.ps1: line 97
                        at Global:Load-ListBoxItems, C:\Users\Userqwerty\PowerShell\Functions\Get-SoftwareReport.ps1: line 94
                        at <ScriptBlock>, C:\Users\Userqwerty\PowerShell\Functions\Get-SoftwareReport.ps1: line 639
                        at Update-JobTracker, C:\Users\Userqwerty\PowerShell\Functions\Get-SoftwareReport.ps1: line 838
                        at <ScriptBlock>, C:\Users\Userqwerty\PowerShell\Functions\Get-SoftwareReport.ps1: line 885
                        at Call-Get-SoftwareReport2_0_11a_pff, C:\Users\Userqwerty\PowerShell\Functions\Get-SoftwareReport.ps1: line 1504
                        at <ScriptBlock>, C:\Users\Userqwerty\PowerShell\Functions\Get-SoftwareReport.ps1: line 1512
PipelineIterationInfo : {}

PSMessageDetails      : 
Exception             : System.Management.Automation.RuntimeException: You cannot call a method on a null-valued expression.
                           at CallSite.Target(Closure , CallSite , Object , Object )
                           at <ScriptBlock>(Closure , FunctionContext )
TargetObject          : 
CategoryInfo          : InvalidOperation: (:) [], RuntimeException
FullyQualifiedErrorId : InvokeMethodOnNull
ErrorDetails          : 
InvocationInfo        : System.Management.Automation.InvocationInfo
ScriptStackTrace      : at <ScriptBlock>, C:\Users\Userqwerty\PowerShell\Functions\Get-SoftwareReport.ps1: line 97
                        at Global:Load-ListBoxItems, C:\Users\Userqwerty\PowerShell\Functions\Get-SoftwareReport.ps1: line 94
                        at <ScriptBlock>, C:\Users\Userqwerty\PowerShell\Functions\Get-SoftwareReport.ps1: line 639
                        at Update-JobTracker, C:\Users\Userqwerty\PowerShell\Functions\Get-SoftwareReport.ps1: line 838
                        at <ScriptBlock>, C:\Users\Userqwerty\PowerShell\Functions\Get-SoftwareReport.ps1: line 885
                        at Call-Get-SoftwareReport2_0_11a_pff, C:\Users\Userqwerty\PowerShell\Functions\Get-SoftwareReport.ps1: line 1504
                        at <ScriptBlock>, C:\Users\Userqwerty\PowerShell\Functions\Get-SoftwareReport.ps1: line 1512
PipelineIterationInfo : {}

PSMessageDetails      : 
Exception             : System.Management.Automation.RuntimeException: You cannot call a method on a null-valued expression.
                           at CallSite.Target(Closure , CallSite , Object , Object )
                           at <ScriptBlock>(Closure , FunctionContext )
TargetObject          : 
CategoryInfo          : InvalidOperation: (:) [], RuntimeException
FullyQualifiedErrorId : InvokeMethodOnNull
ErrorDetails          : 
InvocationInfo        : System.Management.Automation.InvocationInfo
ScriptStackTrace      : at <ScriptBlock>, C:\Users\Userqwerty\PowerShell\Functions\Get-SoftwareReport.ps1: line 97
                        at Global:Load-ListBoxItems, C:\Users\Userqwerty\PowerShell\Functions\Get-SoftwareReport.ps1: line 94
                        at <ScriptBlock>, C:\Users\Userqwerty\PowerShell\Functions\Get-SoftwareReport.ps1: line 639
                        at Update-JobTracker, C:\Users\Userqwerty\PowerShell\Functions\Get-SoftwareReport.ps1: line 838
                        at <ScriptBlock>, C:\Users\Userqwerty\PowerShell\Functions\Get-SoftwareReport.ps1: line 885
                        at Call-Get-SoftwareReport2_0_11a_pff, C:\Users\Userqwerty\PowerShell\Functions\Get-SoftwareReport.ps1: line 1504
                        at <ScriptBlock>, C:\Users\Userqwerty\PowerShell\Functions\Get-SoftwareReport.ps1: line 1512
PipelineIterationInfo : {}

PSMessageDetails      : 
Exception             : System.Management.Automation.RuntimeException: You cannot call a method on a null-valued expression.
                           at CallSite.Target(Closure , CallSite , Object , Object )
                           at <ScriptBlock>(Closure , FunctionContext )
TargetObject          : 
CategoryInfo          : InvalidOperation: (:) [], RuntimeException
FullyQualifiedErrorId : InvokeMethodOnNull
ErrorDetails          : 
InvocationInfo        : System.Management.Automation.InvocationInfo
ScriptStackTrace      : at <ScriptBlock>, C:\Users\Userqwerty\PowerShell\Functions\Get-SoftwareReport.ps1: line 97
                        at Global:Load-ListBoxItems, C:\Users\Userqwerty\PowerShell\Functions\Get-SoftwareReport.ps1: line 94
                        at <ScriptBlock>, C:\Users\Userqwerty\PowerShell\Functions\Get-SoftwareReport.ps1: line 639
                        at Update-JobTracker, C:\Users\Userqwerty\PowerShell\Functions\Get-SoftwareReport.ps1: line 838
                        at <ScriptBlock>, C:\Users\Userqwerty\PowerShell\Functions\Get-SoftwareReport.ps1: line 885
                        at Call-Get-SoftwareReport2_0_11a_pff, C:\Users\Userqwerty\PowerShell\Functions\Get-SoftwareReport.ps1: line 1504
                        at <ScriptBlock>, C:\Users\Userqwerty\PowerShell\Functions\Get-SoftwareReport.ps1: line 1512
PipelineIterationInfo : {}

PSMessageDetails      : 
Exception             : System.Management.Automation.RuntimeException: You cannot call a method on a null-valued expression.
                           at CallSite.Target(Closure , CallSite , Object , Object )
                           at <ScriptBlock>(Closure , FunctionContext )
TargetObject          : 
CategoryInfo          : InvalidOperation: (:) [], RuntimeException
FullyQualifiedErrorId : InvokeMethodOnNull
ErrorDetails          : 
InvocationInfo        : System.Management.Automation.InvocationInfo
ScriptStackTrace      : at <ScriptBlock>, C:\Users\Userqwerty\PowerShell\Functions\Get-SoftwareReport.ps1: line 97
                        at Global:Load-ListBoxItems, C:\Users\Userqwerty\PowerShell\Functions\Get-SoftwareReport.ps1: line 94
                        at <ScriptBlock>, C:\Users\Userqwerty\PowerShell\Functions\Get-SoftwareReport.ps1: line 639
                        at Update-JobTracker, C:\Users\Userqwerty\PowerShell\Functions\Get-SoftwareReport.ps1: line 838
                        at <ScriptBlock>, C:\Users\Userqwerty\PowerShell\Functions\Get-SoftwareReport.ps1: line 885
                        at Call-Get-SoftwareReport2_0_11a_pff, C:\Users\Userqwerty\PowerShell\Functions\Get-SoftwareReport.ps1: line 1504
                        at <ScriptBlock>, C:\Users\Userqwerty\PowerShell\Functions\Get-SoftwareReport.ps1: line 1512
PipelineIterationInfo : {}

PSMessageDetails      : 
Exception             : System.Management.Automation.RuntimeException: You cannot call a method on a null-valued expression.
                           at CallSite.Target(Closure , CallSite , Object , Object )
                           at <ScriptBlock>(Closure , FunctionContext )
TargetObject          : 
CategoryInfo          : InvalidOperation: (:) [], RuntimeException
FullyQualifiedErrorId : InvokeMethodOnNull
ErrorDetails          : 
InvocationInfo        : System.Management.Automation.InvocationInfo
ScriptStackTrace      : at <ScriptBlock>, C:\Users\Userqwerty\PowerShell\Functions\Get-SoftwareReport.ps1: line 97
                        at Global:Load-ListBoxItems, C:\Users\Userqwerty\PowerShell\Functions\Get-SoftwareReport.ps1: line 94
                        at <ScriptBlock>, C:\Users\Userqwerty\PowerShell\Functions\Get-SoftwareReport.ps1: line 639
                        at Update-JobTracker, C:\Users\Userqwerty\PowerShell\Functions\Get-SoftwareReport.ps1: line 838
                        at <ScriptBlock>, C:\Users\Userqwerty\PowerShell\Functions\Get-SoftwareReport.ps1: line 885
                        at Call-Get-SoftwareReport2_0_11a_pff, C:\Users\Userqwerty\PowerShell\Functions\Get-SoftwareReport.ps1: line 1504
                        at <ScriptBlock>, C:\Users\Userqwerty\PowerShell\Functions\Get-SoftwareReport.ps1: line 1512
PipelineIterationInfo : {}

PSMessageDetails      : 
Exception             : System.Management.Automation.RuntimeException: You cannot call a method on a null-valued expression.
                           at CallSite.Target(Closure , CallSite , Object , Object )
                           at <ScriptBlock>(Closure , FunctionContext )
TargetObject          : 
CategoryInfo          : InvalidOperation: (:) [], RuntimeException
FullyQualifiedErrorId : InvokeMethodOnNull
ErrorDetails          : 
InvocationInfo        : System.Management.Automation.InvocationInfo
ScriptStackTrace      : at <ScriptBlock>, C:\Users\Userqwerty\PowerShell\Functions\Get-SoftwareReport.ps1: line 97
                        at Global:Load-ListBoxItems, C:\Users\Userqwerty\PowerShell\Functions\Get-SoftwareReport.ps1: line 94
                        at <ScriptBlock>, C:\Users\Userqwerty\PowerShell\Functions\Get-SoftwareReport.ps1: line 639
                        at Update-JobTracker, C:\Users\Userqwerty\PowerShell\Functions\Get-SoftwareReport.ps1: line 838
                        at <ScriptBlock>, C:\Users\Userqwerty\PowerShell\Functions\Get-SoftwareReport.ps1: line 885
                        at Call-Get-SoftwareReport2_0_11a_pff, C:\Users\Userqwerty\PowerShell\Functions\Get-SoftwareReport.ps1: line 1504
                        at <ScriptBlock>, C:\Users\Userqwerty\PowerShell\Functions\Get-SoftwareReport.ps1: line 1512
PipelineIterationInfo : {}

PSMessageDetails      : 
Exception             : System.Management.Automation.RuntimeException: You cannot call a method on a null-valued expression.
                           at CallSite.Target(Closure , CallSite , Object , Object )
                           at <ScriptBlock>(Closure , FunctionContext )
TargetObject          : 
CategoryInfo          : InvalidOperation: (:) [], RuntimeException
FullyQualifiedErrorId : InvokeMethodOnNull
ErrorDetails          : 
InvocationInfo        : System.Management.Automation.InvocationInfo
ScriptStackTrace      : at <ScriptBlock>, C:\Users\Userqwerty\PowerShell\Functions\Get-SoftwareReport.ps1: line 97
                        at Global:Load-ListBoxItems, C:\Users\Userqwerty\PowerShell\Functions\Get-SoftwareReport.ps1: line 94
                        at <ScriptBlock>, C:\Users\Userqwerty\PowerShell\Functions\Get-SoftwareReport.ps1: line 639
                        at Update-JobTracker, C:\Users\Userqwerty\PowerShell\Functions\Get-SoftwareReport.ps1: line 838
                        at <ScriptBlock>, C:\Users\Userqwerty\PowerShell\Functions\Get-SoftwareReport.ps1: line 885
                        at Call-Get-SoftwareReport2_0_11a_pff, C:\Users\Userqwerty\PowerShell\Functions\Get-SoftwareReport.ps1: line 1504
                        at <ScriptBlock>, C:\Users\Userqwerty\PowerShell\Functions\Get-SoftwareReport.ps1: line 1512
PipelineIterationInfo : {}

PSMessageDetails      : 
Exception             : System.Management.Automation.RuntimeException: You cannot call a method on a null-valued expression.
                           at CallSite.Target(Closure , CallSite , Object , Object )
                           at <ScriptBlock>(Closure , FunctionContext )
TargetObject          : 
CategoryInfo          : InvalidOperation: (:) [], RuntimeException
FullyQualifiedErrorId : InvokeMethodOnNull
ErrorDetails          : 
InvocationInfo        : System.Management.Automation.InvocationInfo
ScriptStackTrace      : at <ScriptBlock>, C:\Users\Userqwerty\PowerShell\Functions\Get-SoftwareReport.ps1: line 97
                        at Global:Load-ListBoxItems, C:\Users\Userqwerty\PowerShell\Functions\Get-SoftwareReport.ps1: line 94
                        at <ScriptBlock>, C:\Users\Userqwerty\PowerShell\Functions\Get-SoftwareReport.ps1: line 639
                        at Update-JobTracker, C:\Users\Userqwerty\PowerShell\Functions\Get-SoftwareReport.ps1: line 838
                        at <ScriptBlock>, C:\Users\Userqwerty\PowerShell\Functions\Get-SoftwareReport.ps1: line 885
                        at Call-Get-SoftwareReport2_0_11a_pff, C:\Users\Userqwerty\PowerShell\Functions\Get-SoftwareReport.ps1: line 1504
                        at <ScriptBlock>, C:\Users\Userqwerty\PowerShell\Functions\Get-SoftwareReport.ps1: line 1512
PipelineIterationInfo : {}

PSMessageDetails      : 
Exception             : System.Management.Automation.RuntimeException: You cannot call a method on a null-valued expression.
                           at CallSite.Target(Closure , CallSite , Object , Object )
                           at <ScriptBlock>(Closure , FunctionContext )
TargetObject          : 
CategoryInfo          : InvalidOperation: (:) [], RuntimeException
FullyQualifiedErrorId : InvokeMethodOnNull
ErrorDetails          : 
InvocationInfo        : System.Management.Automation.InvocationInfo
ScriptStackTrace      : at <ScriptBlock>, C:\Users\Userqwerty\PowerShell\Functions\Get-SoftwareReport.ps1: line 97
                        at Global:Load-ListBoxItems, C:\Users\Userqwerty\PowerShell\Functions\Get-SoftwareReport.ps1: line 94
                        at <ScriptBlock>, C:\Users\Userqwerty\PowerShell\Functions\Get-SoftwareReport.ps1: line 639
                        at Update-JobTracker, C:\Users\Userqwerty\PowerShell\Functions\Get-SoftwareReport.ps1: line 838
                        at <ScriptBlock>, C:\Users\Userqwerty\PowerShell\Functions\Get-SoftwareReport.ps1: line 885
                        at Call-Get-SoftwareReport2_0_11a_pff, C:\Users\Userqwerty\PowerShell\Functions\Get-SoftwareReport.ps1: line 1504
                        at <ScriptBlock>, C:\Users\Userqwerty\PowerShell\Functions\Get-SoftwareReport.ps1: line 1512
PipelineIterationInfo : {}

PSMessageDetails      : 
Exception             : System.Management.Automation.RuntimeException: You cannot call a method on a null-valued expression.
                           at CallSite.Target(Closure , CallSite , Object , Object )
                           at <ScriptBlock>(Closure , FunctionContext )
TargetObject          : 
CategoryInfo          : InvalidOperation: (:) [], RuntimeException
FullyQualifiedErrorId : InvokeMethodOnNull
ErrorDetails          : 
InvocationInfo        : System.Management.Automation.InvocationInfo
ScriptStackTrace      : at <ScriptBlock>, C:\Users\Userqwerty\PowerShell\Functions\Get-SoftwareReport.ps1: line 97
                        at Global:Load-ListBoxItems, C:\Users\Userqwerty\PowerShell\Functions\Get-SoftwareReport.ps1: line 94
                        at <ScriptBlock>, C:\Users\Userqwerty\PowerShell\Functions\Get-SoftwareReport.ps1: line 639
                        at Update-JobTracker, C:\Users\Userqwerty\PowerShell\Functions\Get-SoftwareReport.ps1: line 838
                        at <ScriptBlock>, C:\Users\Userqwerty\PowerShell\Functions\Get-SoftwareReport.ps1: line 885
                        at Call-Get-SoftwareReport2_0_11a_pff, C:\Users\Userqwerty\PowerShell\Functions\Get-SoftwareReport.ps1: line 1504
                        at <ScriptBlock>, C:\Users\Userqwerty\PowerShell\Functions\Get-SoftwareReport.ps1: line 1512
PipelineIterationInfo : {}

PSMessageDetails      : 
Exception             : System.Management.Automation.RuntimeException: You cannot call a method on a null-valued expression.
                           at CallSite.Target(Closure , CallSite , Object , Object )
                           at <ScriptBlock>(Closure , FunctionContext )
TargetObject          : 
CategoryInfo          : InvalidOperation: (:) [], RuntimeException
FullyQualifiedErrorId : InvokeMethodOnNull
ErrorDetails          : 
InvocationInfo        : System.Management.Automation.InvocationInfo
ScriptStackTrace      : at <ScriptBlock>, C:\Users\Userqwerty\PowerShell\Functions\Get-SoftwareReport.ps1: line 97
                        at Global:Load-ListBoxItems, C:\Users\Userqwerty\PowerShell\Functions\Get-SoftwareReport.ps1: line 94
                        at <ScriptBlock>, C:\Users\Userqwerty\PowerShell\Functions\Get-SoftwareReport.ps1: line 639
                        at Update-JobTracker, C:\Users\Userqwerty\PowerShell\Functions\Get-SoftwareReport.ps1: line 838
                        at <ScriptBlock>, C:\Users\Userqwerty\PowerShell\Functions\Get-SoftwareReport.ps1: line 885
                        at Call-Get-SoftwareReport2_0_11a_pff, C:\Users\Userqwerty\PowerShell\Functions\Get-SoftwareReport.ps1: line 1504
                        at <ScriptBlock>, C:\Users\Userqwerty\PowerShell\Functions\Get-SoftwareReport.ps1: line 1512
PipelineIterationInfo : {}

PSMessageDetails      : 
Exception             : System.Management.Automation.RuntimeException: You cannot call a method on a null-valued expression.
                           at CallSite.Target(Closure , CallSite , Object , Object )
                           at <ScriptBlock>(Closure , FunctionContext )
TargetObject          : 
CategoryInfo          : InvalidOperation: (:) [], RuntimeException
FullyQualifiedErrorId : InvokeMethodOnNull
ErrorDetails          : 
InvocationInfo        : System.Management.Automation.InvocationInfo
ScriptStackTrace      : at <ScriptBlock>, C:\Users\Userqwerty\PowerShell\Functions\Get-SoftwareReport.ps1: line 97
                        at Global:Load-ListBoxItems, C:\Users\Userqwerty\PowerShell\Functions\Get-SoftwareReport.ps1: line 94
                        at <ScriptBlock>, C:\Users\Userqwerty\PowerShell\Functions\Get-SoftwareReport.ps1: line 639
                        at Update-JobTracker, C:\Users\Userqwerty\PowerShell\Functions\Get-SoftwareReport.ps1: line 838
                        at <ScriptBlock>, C:\Users\Userqwerty\PowerShell\Functions\Get-SoftwareReport.ps1: line 885
                        at Call-Get-SoftwareReport2_0_11a_pff, C:\Users\Userqwerty\PowerShell\Functions\Get-SoftwareReport.ps1: line 1504
                        at <ScriptBlock>, C:\Users\Userqwerty\PowerShell\Functions\Get-SoftwareReport.ps1: line 1512
PipelineIterationInfo : {}

PSMessageDetails      : 
Exception             : System.Management.Automation.RuntimeException: You cannot call a method on a null-valued expression.
                           at CallSite.Target(Closure , CallSite , Object , Object )
                           at <ScriptBlock>(Closure , FunctionContext )
TargetObject          : 
CategoryInfo          : InvalidOperation: (:) [], RuntimeException
FullyQualifiedErrorId : InvokeMethodOnNull
ErrorDetails          : 
InvocationInfo        : System.Management.Automation.InvocationInfo
ScriptStackTrace      : at <ScriptBlock>, C:\Users\Userqwerty\PowerShell\Functions\Get-SoftwareReport.ps1: line 97
                        at Global:Load-ListBoxItems, C:\Users\Userqwerty\PowerShell\Functions\Get-SoftwareReport.ps1: line 94
                        at <ScriptBlock>, C:\Users\Userqwerty\PowerShell\Functions\Get-SoftwareReport.ps1: line 639
                        at Update-JobTracker, C:\Users\Userqwerty\PowerShell\Functions\Get-SoftwareReport.ps1: line 838
                        at <ScriptBlock>, C:\Users\Userqwerty\PowerShell\Functions\Get-SoftwareReport.ps1: line 885
                        at Call-Get-SoftwareReport2_0_11a_pff, C:\Users\Userqwerty\PowerShell\Functions\Get-SoftwareReport.ps1: line 1504
                        at <ScriptBlock>, C:\Users\Userqwerty\PowerShell\Functions\Get-SoftwareReport.ps1: line 1512
PipelineIterationInfo : {}

PSMessageDetails      : 
Exception             : System.Management.Automation.RuntimeException: You cannot call a method on a null-valued expression.
                           at CallSite.Target(Closure , CallSite , Object , Object )
                           at <ScriptBlock>(Closure , FunctionContext )
TargetObject          : 
CategoryInfo          : InvalidOperation: (:) [], RuntimeException
FullyQualifiedErrorId : InvokeMethodOnNull
ErrorDetails          : 
InvocationInfo        : System.Management.Automation.InvocationInfo
ScriptStackTrace      : at <ScriptBlock>, C:\Users\Userqwerty\PowerShell\Functions\Get-SoftwareReport.ps1: line 97
                        at Global:Load-ListBoxItems, C:\Users\Userqwerty\PowerShell\Functions\Get-SoftwareReport.ps1: line 94
                        at <ScriptBlock>, C:\Users\Userqwerty\PowerShell\Functions\Get-SoftwareReport.ps1: line 639
                        at Update-JobTracker, C:\Users\Userqwerty\PowerShell\Functions\Get-SoftwareReport.ps1: line 838
                        at <ScriptBlock>, C:\Users\Userqwerty\PowerShell\Functions\Get-SoftwareReport.ps1: line 885
                        at Call-Get-SoftwareReport2_0_11a_pff, C:\Users\Userqwerty\PowerShell\Functions\Get-SoftwareReport.ps1: line 1504
                        at <ScriptBlock>, C:\Users\Userqwerty\PowerShell\Functions\Get-SoftwareReport.ps1: line 1512
PipelineIterationInfo : {}

PSMessageDetails      : 
Exception             : System.Management.Automation.RuntimeException: You cannot call a method on a null-valued expression.
                           at CallSite.Target(Closure , CallSite , Object , Object )
                           at <ScriptBlock>(Closure , FunctionContext )
TargetObject          : 
CategoryInfo          : InvalidOperation: (:) [], RuntimeException
FullyQualifiedErrorId : InvokeMethodOnNull
ErrorDetails          : 
InvocationInfo        : System.Management.Automation.InvocationInfo
ScriptStackTrace      : at <ScriptBlock>, C:\Users\Userqwerty\PowerShell\Functions\Get-SoftwareReport.ps1: line 97
                        at Global:Load-ListBoxItems, C:\Users\Userqwerty\PowerShell\Functions\Get-SoftwareReport.ps1: line 94
                        at <ScriptBlock>, C:\Users\Userqwerty\PowerShell\Functions\Get-SoftwareReport.ps1: line 639
                        at Update-JobTracker, C:\Users\Userqwerty\PowerShell\Functions\Get-SoftwareReport.ps1: line 838
                        at <ScriptBlock>, C:\Users\Userqwerty\PowerShell\Functions\Get-SoftwareReport.ps1: line 885
                        at Call-Get-SoftwareReport2_0_11a_pff, C:\Users\Userqwerty\PowerShell\Functions\Get-SoftwareReport.ps1: line 1504
                        at <ScriptBlock>, C:\Users\Userqwerty\PowerShell\Functions\Get-SoftwareReport.ps1: line 1512
PipelineIterationInfo : {}

PSMessageDetails      : 
Exception             : System.Management.Automation.RuntimeException: You cannot call a method on a null-valued expression.
                           at CallSite.Target(Closure , CallSite , Object , Object )
                           at <ScriptBlock>(Closure , FunctionContext )
TargetObject          : 
CategoryInfo          : InvalidOperation: (:) [], RuntimeException
FullyQualifiedErrorId : InvokeMethodOnNull
ErrorDetails          : 
InvocationInfo        : System.Management.Automation.InvocationInfo
ScriptStackTrace      : at <ScriptBlock>, C:\Users\Userqwerty\PowerShell\Functions\Get-SoftwareReport.ps1: line 97
                        at Global:Load-ListBoxItems, C:\Users\Userqwerty\PowerShell\Functions\Get-SoftwareReport.ps1: line 94
                        at <ScriptBlock>, C:\Users\Userqwerty\PowerShell\Functions\Get-SoftwareReport.ps1: line 639
                        at Update-JobTracker, C:\Users\Userqwerty\PowerShell\Functions\Get-SoftwareReport.ps1: line 838
                        at <ScriptBlock>, C:\Users\Userqwerty\PowerShell\Functions\Get-SoftwareReport.ps1: line 885
                        at Call-Get-SoftwareReport2_0_11a_pff, C:\Users\Userqwerty\PowerShell\Functions\Get-SoftwareReport.ps1: line 1504
                        at <ScriptBlock>, C:\Users\Userqwerty\PowerShell\Functions\Get-SoftwareReport.ps1: line 1512
PipelineIterationInfo : {}

PSMessageDetails      : 
Exception             : System.Management.Automation.RuntimeException: You cannot call a method on a null-valued expression.
                           at CallSite.Target(Closure , CallSite , Object , Object )
                           at <ScriptBlock>(Closure , FunctionContext )
TargetObject          : 
CategoryInfo          : InvalidOperation: (:) [], RuntimeException
FullyQualifiedErrorId : InvokeMethodOnNull
ErrorDetails          : 
InvocationInfo        : System.Management.Automation.InvocationInfo
ScriptStackTrace      : at <ScriptBlock>, C:\Users\Userqwerty\PowerShell\Functions\Get-SoftwareReport.ps1: line 97
                        at Global:Load-ListBoxItems, C:\Users\Userqwerty\PowerShell\Functions\Get-SoftwareReport.ps1: line 94
                        at <ScriptBlock>, C:\Users\Userqwerty\PowerShell\Functions\Get-SoftwareReport.ps1: line 639
                        at Update-JobTracker, C:\Users\Userqwerty\PowerShell\Functions\Get-SoftwareReport.ps1: line 838
                        at <ScriptBlock>, C:\Users\Userqwerty\PowerShell\Functions\Get-SoftwareReport.ps1: line 885
                        at Call-Get-SoftwareReport2_0_11a_pff, C:\Users\Userqwerty\PowerShell\Functions\Get-SoftwareReport.ps1: line 1504
                        at <ScriptBlock>, C:\Users\Userqwerty\PowerShell\Functions\Get-SoftwareReport.ps1: line 1512
PipelineIterationInfo : {}

PSMessageDetails      : 
Exception             : System.Management.Automation.RuntimeException: You cannot call a method on a null-valued expression.
                           at CallSite.Target(Closure , CallSite , Object , Object )
                           at <ScriptBlock>(Closure , FunctionContext )
TargetObject          : 
CategoryInfo          : InvalidOperation: (:) [], RuntimeException
FullyQualifiedErrorId : InvokeMethodOnNull
ErrorDetails          : 
InvocationInfo        : System.Management.Automation.InvocationInfo
ScriptStackTrace      : at <ScriptBlock>, C:\Users\Userqwerty\PowerShell\Functions\Get-SoftwareReport.ps1: line 97
                        at Global:Load-ListBoxItems, C:\Users\Userqwerty\PowerShell\Functions\Get-SoftwareReport.ps1: line 94
                        at <ScriptBlock>, C:\Users\Userqwerty\PowerShell\Functions\Get-SoftwareReport.ps1: line 639
                        at Update-JobTracker, C:\Users\Userqwerty\PowerShell\Functions\Get-SoftwareReport.ps1: line 838
                        at <ScriptBlock>, C:\Users\Userqwerty\PowerShell\Functions\Get-SoftwareReport.ps1: line 885
                        at Call-Get-SoftwareReport2_0_11a_pff, C:\Users\Userqwerty\PowerShell\Functions\Get-SoftwareReport.ps1: line 1504
                        at <ScriptBlock>, C:\Users\Userqwerty\PowerShell\Functions\Get-SoftwareReport.ps1: line 1512
PipelineIterationInfo : {}

PSMessageDetails      : 
Exception             : System.Management.Automation.RuntimeException: You cannot call a method on a null-valued expression.
                           at CallSite.Target(Closure , CallSite , Object , Object )
                           at <ScriptBlock>(Closure , FunctionContext )
TargetObject          : 
CategoryInfo          : InvalidOperation: (:) [], RuntimeException
FullyQualifiedErrorId : InvokeMethodOnNull
ErrorDetails          : 
InvocationInfo        : System.Management.Automation.InvocationInfo
ScriptStackTrace      : at <ScriptBlock>, C:\Users\Userqwerty\PowerShell\Functions\Get-SoftwareReport.ps1: line 97
                        at Global:Load-ListBoxItems, C:\Users\Userqwerty\PowerShell\Functions\Get-SoftwareReport.ps1: line 94
                        at <ScriptBlock>, C:\Users\Userqwerty\PowerShell\Functions\Get-SoftwareReport.ps1: line 639
                        at Update-JobTracker, C:\Users\Userqwerty\PowerShell\Functions\Get-SoftwareReport.ps1: line 838
                        at <ScriptBlock>, C:\Users\Userqwerty\PowerShell\Functions\Get-SoftwareReport.ps1: line 885
                        at Call-Get-SoftwareReport2_0_11a_pff, C:\Users\Userqwerty\PowerShell\Functions\Get-SoftwareReport.ps1: line 1504
                        at <ScriptBlock>, C:\Users\Userqwerty\PowerShell\Functions\Get-SoftwareReport.ps1: line 1512
PipelineIterationInfo : {}

PSMessageDetails      : 
Exception             : System.Management.Automation.RuntimeException: You cannot call a method on a null-valued expression.
                           at CallSite.Target(Closure , CallSite , Object , Object )
                           at <ScriptBlock>(Closure , FunctionContext )
TargetObject          : 
CategoryInfo          : InvalidOperation: (:) [], RuntimeException
FullyQualifiedErrorId : InvokeMethodOnNull
ErrorDetails          : 
InvocationInfo        : System.Management.Automation.InvocationInfo
ScriptStackTrace      : at <ScriptBlock>, C:\Users\Userqwerty\PowerShell\Functions\Get-SoftwareReport.ps1: line 97
                        at Global:Load-ListBoxItems, C:\Users\Userqwerty\PowerShell\Functions\Get-SoftwareReport.ps1: line 94
                        at <ScriptBlock>, C:\Users\Userqwerty\PowerShell\Functions\Get-SoftwareReport.ps1: line 639
                        at Update-JobTracker, C:\Users\Userqwerty\PowerShell\Functions\Get-SoftwareReport.ps1: line 838
                        at <ScriptBlock>, C:\Users\Userqwerty\PowerShell\Functions\Get-SoftwareReport.ps1: line 885
                        at Call-Get-SoftwareReport2_0_11a_pff, C:\Users\Userqwerty\PowerShell\Functions\Get-SoftwareReport.ps1: line 1504
                        at <ScriptBlock>, C:\Users\Userqwerty\PowerShell\Functions\Get-SoftwareReport.ps1: line 1512
PipelineIterationInfo : {}

PSMessageDetails      : 
Exception             : System.Management.Automation.RuntimeException: You cannot call a method on a null-valued expression.
                           at CallSite.Target(Closure , CallSite , Object , Object )
                           at <ScriptBlock>(Closure , FunctionContext )
TargetObject          : 
CategoryInfo          : InvalidOperation: (:) [], RuntimeException
FullyQualifiedErrorId : InvokeMethodOnNull
ErrorDetails          : 
InvocationInfo        : System.Management.Automation.InvocationInfo
ScriptStackTrace      : at <ScriptBlock>, C:\Users\Userqwerty\PowerShell\Functions\Get-SoftwareReport.ps1: line 97
                        at Global:Load-ListBoxItems, C:\Users\Userqwerty\PowerShell\Functions\Get-SoftwareReport.ps1: line 94
                        at <ScriptBlock>, C:\Users\Userqwerty\PowerShell\Functions\Get-SoftwareReport.ps1: line 639
                        at Update-JobTracker, C:\Users\Userqwerty\PowerShell\Functions\Get-SoftwareReport.ps1: line 838
                        at <ScriptBlock>, C:\Users\Userqwerty\PowerShell\Functions\Get-SoftwareReport.ps1: line 885
                        at Call-Get-SoftwareReport2_0_11a_pff, C:\Users\Userqwerty\PowerShell\Functions\Get-SoftwareReport.ps1: line 1504
                        at <ScriptBlock>, C:\Users\Userqwerty\PowerShell\Functions\Get-SoftwareReport.ps1: line 1512
PipelineIterationInfo : {}

PSMessageDetails      : 
Exception             : System.Management.Automation.RuntimeException: You cannot call a method on a null-valued expression.
                           at CallSite.Target(Closure , CallSite , Object , Object )
                           at <ScriptBlock>(Closure , FunctionContext )
TargetObject          : 
CategoryInfo          : InvalidOperation: (:) [], RuntimeException
FullyQualifiedErrorId : InvokeMethodOnNull
ErrorDetails          : 
InvocationInfo        : System.Management.Automation.InvocationInfo
ScriptStackTrace      : at <ScriptBlock>, C:\Users\Userqwerty\PowerShell\Functions\Get-SoftwareReport.ps1: line 97
                        at Global:Load-ListBoxItems, C:\Users\Userqwerty\PowerShell\Functions\Get-SoftwareReport.ps1: line 94
                        at <ScriptBlock>, C:\Users\Userqwerty\PowerShell\Functions\Get-SoftwareReport.ps1: line 639
                        at Update-JobTracker, C:\Users\Userqwerty\PowerShell\Functions\Get-SoftwareReport.ps1: line 838
                        at <ScriptBlock>, C:\Users\Userqwerty\PowerShell\Functions\Get-SoftwareReport.ps1: line 885
                        at Call-Get-SoftwareReport2_0_11a_pff, C:\Users\Userqwerty\PowerShell\Functions\Get-SoftwareReport.ps1: line 1504
                        at <ScriptBlock>, C:\Users\Userqwerty\PowerShell\Functions\Get-SoftwareReport.ps1: line 1512
PipelineIterationInfo : {}

PSMessageDetails      : 
Exception             : System.Management.Automation.RuntimeException: You cannot call a method on a null-valued expression.
                           at CallSite.Target(Closure , CallSite , Object , Object )
                           at <ScriptBlock>(Closure , FunctionContext )
TargetObject          : 
CategoryInfo          : InvalidOperation: (:) [], RuntimeException
FullyQualifiedErrorId : InvokeMethodOnNull
ErrorDetails          : 
InvocationInfo        : System.Management.Automation.InvocationInfo
ScriptStackTrace      : at <ScriptBlock>, C:\Users\Userqwerty\PowerShell\Functions\Get-SoftwareReport.ps1: line 97
                        at Global:Load-ListBoxItems, C:\Users\Userqwerty\PowerShell\Functions\Get-SoftwareReport.ps1: line 94
                        at <ScriptBlock>, C:\Users\Userqwerty\PowerShell\Functions\Get-SoftwareReport.ps1: line 639
                        at Update-JobTracker, C:\Users\Userqwerty\PowerShell\Functions\Get-SoftwareReport.ps1: line 838
                        at <ScriptBlock>, C:\Users\Userqwerty\PowerShell\Functions\Get-SoftwareReport.ps1: line 885
                        at Call-Get-SoftwareReport2_0_11a_pff, C:\Users\Userqwerty\PowerShell\Functions\Get-SoftwareReport.ps1: line 1504
                        at <ScriptBlock>, C:\Users\Userqwerty\PowerShell\Functions\Get-SoftwareReport.ps1: line 1512
PipelineIterationInfo : {}

PSMessageDetails      : 
Exception             : System.Management.Automation.RuntimeException: You cannot call a method on a null-valued expression.
                           at CallSite.Target(Closure , CallSite , Object , Object )
                           at <ScriptBlock>(Closure , FunctionContext )
TargetObject          : 
CategoryInfo          : InvalidOperation: (:) [], RuntimeException
FullyQualifiedErrorId : InvokeMethodOnNull
ErrorDetails          : 
InvocationInfo        : System.Management.Automation.InvocationInfo
ScriptStackTrace      : at <ScriptBlock>, C:\Users\Userqwerty\PowerShell\Functions\Get-SoftwareReport.ps1: line 97
                        at Global:Load-ListBoxItems, C:\Users\Userqwerty\PowerShell\Functions\Get-SoftwareReport.ps1: line 94
                        at <ScriptBlock>, C:\Users\Userqwerty\PowerShell\Functions\Get-SoftwareReport.ps1: line 639
                        at Update-JobTracker, C:\Users\Userqwerty\PowerShell\Functions\Get-SoftwareReport.ps1: line 838
                        at <ScriptBlock>, C:\Users\Userqwerty\PowerShell\Functions\Get-SoftwareReport.ps1: line 885
                        at Call-Get-SoftwareReport2_0_11a_pff, C:\Users\Userqwerty\PowerShell\Functions\Get-SoftwareReport.ps1: line 1504
                        at <ScriptBlock>, C:\Users\Userqwerty\PowerShell\Functions\Get-SoftwareReport.ps1: line 1512
PipelineIterationInfo : {}

PSMessageDetails      : 
Exception             : System.Management.Automation.RuntimeException: You cannot call a method on a null-valued expression.
                           at CallSite.Target(Closure , CallSite , Object , Object )
                           at <ScriptBlock>(Closure , FunctionContext )
TargetObject          : 
CategoryInfo          : InvalidOperation: (:) [], RuntimeException
FullyQualifiedErrorId : InvokeMethodOnNull
ErrorDetails          : 
InvocationInfo        : System.Management.Automation.InvocationInfo
ScriptStackTrace      : at <ScriptBlock>, C:\Users\Userqwerty\PowerShell\Functions\Get-SoftwareReport.ps1: line 97
                        at Global:Load-ListBoxItems, C:\Users\Userqwerty\PowerShell\Functions\Get-SoftwareReport.ps1: line 94
                        at <ScriptBlock>, C:\Users\Userqwerty\PowerShell\Functions\Get-SoftwareReport.ps1: line 639
                        at Update-JobTracker, C:\Users\Userqwerty\PowerShell\Functions\Get-SoftwareReport.ps1: line 838
                        at <ScriptBlock>, C:\Users\Userqwerty\PowerShell\Functions\Get-SoftwareReport.ps1: line 885
                        at Call-Get-SoftwareReport2_0_11a_pff, C:\Users\Userqwerty\PowerShell\Functions\Get-SoftwareReport.ps1: line 1504
                        at <ScriptBlock>, C:\Users\Userqwerty\PowerShell\Functions\Get-SoftwareReport.ps1: line 1512
PipelineIterationInfo : {}

PSMessageDetails      : 
Exception             : System.Management.Automation.RuntimeException: You cannot call a method on a null-valued expression.
                           at CallSite.Target(Closure , CallSite , Object , Object )
                           at <ScriptBlock>(Closure , FunctionContext )
TargetObject          : 
CategoryInfo          : InvalidOperation: (:) [], RuntimeException
FullyQualifiedErrorId : InvokeMethodOnNull
ErrorDetails          : 
InvocationInfo        : System.Management.Automation.InvocationInfo
ScriptStackTrace      : at <ScriptBlock>, C:\Users\Userqwerty\PowerShell\Functions\Get-SoftwareReport.ps1: line 97
                        at Global:Load-ListBoxItems, C:\Users\Userqwerty\PowerShell\Functions\Get-SoftwareReport.ps1: line 94
                        at <ScriptBlock>, C:\Users\Userqwerty\PowerShell\Functions\Get-SoftwareReport.ps1: line 639
                        at Update-JobTracker, C:\Users\Userqwerty\PowerShell\Functions\Get-SoftwareReport.ps1: line 838
                        at <ScriptBlock>, C:\Users\Userqwerty\PowerShell\Functions\Get-SoftwareReport.ps1: line 885
                        at Call-Get-SoftwareReport2_0_11a_pff, C:\Users\Userqwerty\PowerShell\Functions\Get-SoftwareReport.ps1: line 1504
                        at <ScriptBlock>, C:\Users\Userqwerty\PowerShell\Functions\Get-SoftwareReport.ps1: line 1512
PipelineIterationInfo : {}

PSMessageDetails      : 
Exception             : System.Management.Automation.RuntimeException: You cannot call a method on a null-valued expression.
                           at CallSite.Target(Closure , CallSite , Object , Object )
                           at <ScriptBlock>(Closure , FunctionContext )
TargetObject          : 
CategoryInfo          : InvalidOperation: (:) [], RuntimeException
FullyQualifiedErrorId : InvokeMethodOnNull
ErrorDetails          : 
InvocationInfo        : System.Management.Automation.InvocationInfo
ScriptStackTrace      : at <ScriptBlock>, C:\Users\Userqwerty\PowerShell\Functions\Get-SoftwareReport.ps1: line 97
                        at Global:Load-ListBoxItems, C:\Users\Userqwerty\PowerShell\Functions\Get-SoftwareReport.ps1: line 94
                        at <ScriptBlock>, C:\Users\Userqwerty\PowerShell\Functions\Get-SoftwareReport.ps1: line 639
                        at Update-JobTracker, C:\Users\Userqwerty\PowerShell\Functions\Get-SoftwareReport.ps1: line 838
                        at <ScriptBlock>, C:\Users\Userqwerty\PowerShell\Functions\Get-SoftwareReport.ps1: line 885
                        at Call-Get-SoftwareReport2_0_11a_pff, C:\Users\Userqwerty\PowerShell\Functions\Get-SoftwareReport.ps1: line 1504
                        at <ScriptBlock>, C:\Users\Userqwerty\PowerShell\Functions\Get-SoftwareReport.ps1: line 1512
PipelineIterationInfo : {}

PSMessageDetails      : 
Exception             : System.Management.Automation.RuntimeException: You cannot call a method on a null-valued expression.
                           at CallSite.Target(Closure , CallSite , Object , Object )
                           at <ScriptBlock>(Closure , FunctionContext )
TargetObject          : 
CategoryInfo          : InvalidOperation: (:) [], RuntimeException
FullyQualifiedErrorId : InvokeMethodOnNull
ErrorDetails          : 
InvocationInfo        : System.Management.Automation.InvocationInfo
ScriptStackTrace      : at <ScriptBlock>, C:\Users\Userqwerty\PowerShell\Functions\Get-SoftwareReport.ps1: line 97
                        at Global:Load-ListBoxItems, C:\Users\Userqwerty\PowerShell\Functions\Get-SoftwareReport.ps1: line 94
                        at <ScriptBlock>, C:\Users\Userqwerty\PowerShell\Functions\Get-SoftwareReport.ps1: line 639
                        at Update-JobTracker, C:\Users\Userqwerty\PowerShell\Functions\Get-SoftwareReport.ps1: line 838
                        at <ScriptBlock>, C:\Users\Userqwerty\PowerShell\Functions\Get-SoftwareReport.ps1: line 885
                        at Call-Get-SoftwareReport2_0_11a_pff, C:\Users\Userqwerty\PowerShell\Functions\Get-SoftwareReport.ps1: line 1504
                        at <ScriptBlock>, C:\Users\Userqwerty\PowerShell\Functions\Get-SoftwareReport.ps1: line 1512
PipelineIterationInfo : {}

PSMessageDetails      : 
Exception             : System.Management.Automation.RuntimeException: You cannot call a method on a null-valued expression.
                           at CallSite.Target(Closure , CallSite , Object , Object )
                           at <ScriptBlock>(Closure , FunctionContext )
TargetObject          : 
CategoryInfo          : InvalidOperation: (:) [], RuntimeException
FullyQualifiedErrorId : InvokeMethodOnNull
ErrorDetails          : 
InvocationInfo        : System.Management.Automation.InvocationInfo
ScriptStackTrace      : at <ScriptBlock>, C:\Users\Userqwerty\PowerShell\Functions\Get-SoftwareReport.ps1: line 97
                        at Global:Load-ListBoxItems, C:\Users\Userqwerty\PowerShell\Functions\Get-SoftwareReport.ps1: line 94
                        at <ScriptBlock>, C:\Users\Userqwerty\PowerShell\Functions\Get-SoftwareReport.ps1: line 639
                        at Update-JobTracker, C:\Users\Userqwerty\PowerShell\Functions\Get-SoftwareReport.ps1: line 838
                        at <ScriptBlock>, C:\Users\Userqwerty\PowerShell\Functions\Get-SoftwareReport.ps1: line 885
                        at Call-Get-SoftwareReport2_0_11a_pff, C:\Users\Userqwerty\PowerShell\Functions\Get-SoftwareReport.ps1: line 1504
                        at <ScriptBlock>, C:\Users\Userqwerty\PowerShell\Functions\Get-SoftwareReport.ps1: line 1512
PipelineIterationInfo : {}

PSMessageDetails      : 
Exception             : System.Management.Automation.ParameterBindingValidationException: Cannot validate argument on parameter 'ComputerName'. The argument is null or empty. Provide an argument that is not null or empty, and then try the command again. 
                        ---> System.Management.Automation.ValidationMetadataException: The argument is null or empty. Provide an argument that is not null or empty, and then try the command again.
                           at System.Management.Automation.ValidateNotNullOrEmptyAttribute.Validate(Object arguments, EngineIntrinsics engineIntrinsics)
                           at System.Management.Automation.ParameterBinderBase.BindParameter(CommandParameterInternal parameter, CompiledCommandParameter parameterMetadata, ParameterBindingFlags flags)
                           --- End of inner exception stack trace ---
                           at System.Management.Automation.ParameterBinderBase.BindParameter(CommandParameterInternal parameter, CompiledCommandParameter parameterMetadata, ParameterBindingFlags flags)
                           at System.Management.Automation.CmdletParameterBinderController.BindParameter(CommandParameterInternal argument, MergedCompiledCommandParameter parameter, ParameterBindingFlags flags)
                           at System.Management.Automation.CmdletParameterBinderController.BindParameter(UInt32 parameterSets, CommandParameterInternal argument, MergedCompiledCommandParameter parameter, ParameterBindingFlags flags)
                           at System.Management.Automation.CmdletParameterBinderController.BindParameters(UInt32 parameterSets, Collection`1 arguments)
                           at System.Management.Automation.CmdletParameterBinderController.BindCommandLineParametersNoValidation(Collection`1 arguments)
                           at System.Management.Automation.CmdletParameterBinderController.BindCommandLineParameters(Collection`1 arguments)
                           at System.Management.Automation.CommandProcessor.BindCommandLineParameters()
                           at System.Management.Automation.CommandProcessor.Prepare(IDictionary psDefaultParameterValues)
                           at System.Management.Automation.CommandProcessorBase.DoPrepare(IDictionary psDefaultParameterValues)
                           at System.Management.109.137.240.75.PipelineProcessor.Start(Boolean incomingStream)
                           at System.Management.109.137.240.75.PipelineProcessor.SynchronousExecuteEnumerate(Object input)
                        --- End of stack trace from previous location where exception was thrown ---
                           at System.Runtime.ExceptionServices.ExceptionDispatchInfo.Throw()
                           at System.Management.109.137.240.75.PipelineProcessor.SynchronousExecuteEnumerate(Object input)
                           at System.Management.Automation.PipelineOps.InvokePipeline(Object input, Boolean ignoreInput, CommandParameterInternal[][] pipeElements, CommandBaseAst[] pipeElementAsts, CommandRedirection[][] commandRedirections, 
                        FunctionContext funcContext)
                           at System.Management.Automation.Interpreter.ActionCallInstruction`6.Run(InterpretedFrame frame)
                           at System.Management.Automation.Interpreter.EnterTryCatchFinallyInstruction.Run(InterpretedFrame frame)
                           at System.Management.Automation.Interpreter.EnterTryCatchFinallyInstruction.Run(InterpretedFrame frame)
TargetObject          : 
CategoryInfo          : InvalidData: (:) [Test-Connection], ParameterBindingValidationException
FullyQualifiedErrorId : ParameterArgumentValidationError,Microsoft.PowerShell.Commands.TestConnectionCommand
ErrorDetails          : 
InvocationInfo        : System.Management.Automation.InvocationInfo
ScriptStackTrace      : at <ScriptBlock>, C:\Users\Userqwerty\PowerShell\Functions\Get-SoftwareReport.ps1: line 700
                        at Call-Get-SoftwareReport2_0_11a_pff, C:\Users\Userqwerty\PowerShell\Functions\Get-SoftwareReport.ps1: line 1504
                        at <ScriptBlock>, C:\Users\Userqwerty\PowerShell\Functions\Get-SoftwareReport.ps1: line 1512
PipelineIterationInfo : {}

PSMessageDetails      : 
Exception             : System.Management.Automation.RuntimeException: You cannot call a method on a null-valued expression.
                           at CallSite.Target(Closure , CallSite , Object , Object )
                           at <ScriptBlock>(Closure , FunctionContext )
TargetObject          : 
CategoryInfo          : InvalidOperation: (:) [], RuntimeException
FullyQualifiedErrorId : InvokeMethodOnNull
ErrorDetails          : 
InvocationInfo        : System.Management.Automation.InvocationInfo
ScriptStackTrace      : at <ScriptBlock>, C:\Users\Userqwerty\PowerShell\Functions\Get-SoftwareReport.ps1: line 97
                        at Global:Load-ListBoxItems, C:\Users\Userqwerty\PowerShell\Functions\Get-SoftwareReport.ps1: line 94
                        at <ScriptBlock>, C:\Users\Userqwerty\PowerShell\Functions\Get-SoftwareReport.ps1: line 639
                        at Update-JobTracker, C:\Users\Userqwerty\PowerShell\Functions\Get-SoftwareReport.ps1: line 838
                        at <ScriptBlock>, C:\Users\Userqwerty\PowerShell\Functions\Get-SoftwareReport.ps1: line 885
                        at Call-Get-SoftwareReport2_0_11a_pff, C:\Users\Userqwerty\PowerShell\Functions\Get-SoftwareReport.ps1: line 1504
                        at <ScriptBlock>, C:\Users\Userqwerty\PowerShell\Functions\Get-SoftwareReport.ps1: line 1512
PipelineIterationInfo : {}

PSMessageDetails      : 
Exception             : System.Management.Automation.RuntimeException: You cannot call a method on a null-valued expression.
                           at CallSite.Target(Closure , CallSite , Object , Object )
                           at <ScriptBlock>(Closure , FunctionContext )
TargetObject          : 
CategoryInfo          : InvalidOperation: (:) [], RuntimeException
FullyQualifiedErrorId : InvokeMethodOnNull
ErrorDetails          : 
InvocationInfo        : System.Management.Automation.InvocationInfo
ScriptStackTrace      : at <ScriptBlock>, C:\Users\Userqwerty\PowerShell\Functions\Get-SoftwareReport.ps1: line 97
                        at Global:Load-ListBoxItems, C:\Users\Userqwerty\PowerShell\Functions\Get-SoftwareReport.ps1: line 94
                        at <ScriptBlock>, C:\Users\Userqwerty\PowerShell\Functions\Get-SoftwareReport.ps1: line 639
                        at Update-JobTracker, C:\Users\Userqwerty\PowerShell\Functions\Get-SoftwareReport.ps1: line 838
                        at <ScriptBlock>, C:\Users\Userqwerty\PowerShell\Functions\Get-SoftwareReport.ps1: line 885
                        at Call-Get-SoftwareReport2_0_11a_pff, C:\Users\Userqwerty\PowerShell\Functions\Get-SoftwareReport.ps1: line 1504
                        at <ScriptBlock>, C:\Users\Userqwerty\PowerShell\Functions\Get-SoftwareReport.ps1: line 1512
PipelineIterationInfo : {}

PSMessageDetails      : 
Exception             : System.Management.Automation.RuntimeException: You cannot call a method on a null-valued expression.
                           at CallSite.Target(Closure , CallSite , Object , Object )
                           at <ScriptBlock>(Closure , FunctionContext )
TargetObject          : 
CategoryInfo          : InvalidOperation: (:) [], RuntimeException
FullyQualifiedErrorId : InvokeMethodOnNull
ErrorDetails          : 
InvocationInfo        : System.Management.Automation.InvocationInfo
ScriptStackTrace      : at <ScriptBlock>, C:\Users\Userqwerty\PowerShell\Functions\Get-SoftwareReport.ps1: line 97
                        at Global:Load-ListBoxItems, C:\Users\Userqwerty\PowerShell\Functions\Get-SoftwareReport.ps1: line 94
                        at <ScriptBlock>, C:\Users\Userqwerty\PowerShell\Functions\Get-SoftwareReport.ps1: line 639
                        at Update-JobTracker, C:\Users\Userqwerty\PowerShell\Functions\Get-SoftwareReport.ps1: line 838
                        at <ScriptBlock>, C:\Users\Userqwerty\PowerShell\Functions\Get-SoftwareReport.ps1: line 885
                        at Call-Get-SoftwareReport2_0_11a_pff, C:\Users\Userqwerty\PowerShell\Functions\Get-SoftwareReport.ps1: line 1504
                        at <ScriptBlock>, C:\Users\Userqwerty\PowerShell\Functions\Get-SoftwareReport.ps1: line 1512
PipelineIterationInfo : {}

PSMessageDetails      : 
Exception             : System.Management.Automation.RuntimeException: You cannot call a method on a null-valued expression.
                           at CallSite.Target(Closure , CallSite , Object , Object )
                           at <ScriptBlock>(Closure , FunctionContext )
TargetObject          : 
CategoryInfo          : InvalidOperation: (:) [], RuntimeException
FullyQualifiedErrorId : InvokeMethodOnNull
ErrorDetails          : 
InvocationInfo        : System.Management.Automation.InvocationInfo
ScriptStackTrace      : at <ScriptBlock>, C:\Users\Userqwerty\PowerShell\Functions\Get-SoftwareReport.ps1: line 97
                        at Global:Load-ListBoxItems, C:\Users\Userqwerty\PowerShell\Functions\Get-SoftwareReport.ps1: line 94
                        at <ScriptBlock>, C:\Users\Userqwerty\PowerShell\Functions\Get-SoftwareReport.ps1: line 639
                        at Update-JobTracker, C:\Users\Userqwerty\PowerShell\Functions\Get-SoftwareReport.ps1: line 838
                        at <ScriptBlock>, C:\Users\Userqwerty\PowerShell\Functions\Get-SoftwareReport.ps1: line 885
                        at Call-Get-SoftwareReport2_0_11a_pff, C:\Users\Userqwerty\PowerShell\Functions\Get-SoftwareReport.ps1: line 1504
                        at <ScriptBlock>, C:\Users\Userqwerty\PowerShell\Functions\Get-SoftwareReport.ps1: line 1512
PipelineIterationInfo : {}

PSMessageDetails      : 
Exception             : System.Management.Automation.RuntimeException: You cannot call a method on a null-valued expression.
                           at CallSite.Target(Closure , CallSite , Object , Object )
                           at <ScriptBlock>(Closure , FunctionContext )
TargetObject          : 
CategoryInfo          : InvalidOperation: (:) [], RuntimeException
FullyQualifiedErrorId : InvokeMethodOnNull
ErrorDetails          : 
InvocationInfo        : System.Management.Automation.InvocationInfo
ScriptStackTrace      : at <ScriptBlock>, C:\Users\Userqwerty\PowerShell\Functions\Get-SoftwareReport.ps1: line 97
                        at Global:Load-ListBoxItems, C:\Users\Userqwerty\PowerShell\Functions\Get-SoftwareReport.ps1: line 94
                        at <ScriptBlock>, C:\Users\Userqwerty\PowerShell\Functions\Get-SoftwareReport.ps1: line 639
                        at Update-JobTracker, C:\Users\Userqwerty\PowerShell\Functions\Get-SoftwareReport.ps1: line 838
                        at <ScriptBlock>, C:\Users\Userqwerty\PowerShell\Functions\Get-SoftwareReport.ps1: line 885
                        at Call-Get-SoftwareReport2_0_11a_pff, C:\Users\Userqwerty\PowerShell\Functions\Get-SoftwareReport.ps1: line 1504
                        at <ScriptBlock>, C:\Users\Userqwerty\PowerShell\Functions\Get-SoftwareReport.ps1: line 1512
PipelineIterationInfo : {}

PSMessageDetails      : 
Exception             : System.Management.Automation.RuntimeException: You cannot call a method on a null-valued expression.
                           at CallSite.Target(Closure , CallSite , Object , Object )
                           at <ScriptBlock>(Closure , FunctionContext )
TargetObject          : 
CategoryInfo          : InvalidOperation: (:) [], RuntimeException
FullyQualifiedErrorId : InvokeMethodOnNull
ErrorDetails          : 
InvocationInfo        : System.Management.Automation.InvocationInfo
ScriptStackTrace      : at <ScriptBlock>, C:\Users\Userqwerty\PowerShell\Functions\Get-SoftwareReport.ps1: line 97
                        at Global:Load-ListBoxItems, C:\Users\Userqwerty\PowerShell\Functions\Get-SoftwareReport.ps1: line 94
                        at <ScriptBlock>, C:\Users\Userqwerty\PowerShell\Functions\Get-SoftwareReport.ps1: line 639
                        at Update-JobTracker, C:\Users\Userqwerty\PowerShell\Functions\Get-SoftwareReport.ps1: line 838
                        at <ScriptBlock>, C:\Users\Userqwerty\PowerShell\Functions\Get-SoftwareReport.ps1: line 885
                        at Call-Get-SoftwareReport2_0_11a_pff, C:\Users\Userqwerty\PowerShell\Functions\Get-SoftwareReport.ps1: line 1504
                        at <ScriptBlock>, C:\Users\Userqwerty\PowerShell\Functions\Get-SoftwareReport.ps1: line 1512
PipelineIterationInfo : {}

PSMessageDetails      : 
Exception             : System.Management.Automation.RuntimeException: You cannot call a method on a null-valued expression.
                           at CallSite.Target(Closure , CallSite , Object , Object )
                           at <ScriptBlock>(Closure , FunctionContext )
TargetObject          : 
CategoryInfo          : InvalidOperation: (:) [], RuntimeException
FullyQualifiedErrorId : InvokeMethodOnNull
ErrorDetails          : 
InvocationInfo        : System.Management.Automation.InvocationInfo
ScriptStackTrace      : at <ScriptBlock>, C:\Users\Userqwerty\PowerShell\Functions\Get-SoftwareReport.ps1: line 97
                        at Global:Load-ListBoxItems, C:\Users\Userqwerty\PowerShell\Functions\Get-SoftwareReport.ps1: line 94
                        at <ScriptBlock>, C:\Users\Userqwerty\PowerShell\Functions\Get-SoftwareReport.ps1: line 639
                        at Update-JobTracker, C:\Users\Userqwerty\PowerShell\Functions\Get-SoftwareReport.ps1: line 838
                        at <ScriptBlock>, C:\Users\Userqwerty\PowerShell\Functions\Get-SoftwareReport.ps1: line 885
                        at Call-Get-SoftwareReport2_0_11a_pff, C:\Users\Userqwerty\PowerShell\Functions\Get-SoftwareReport.ps1: line 1504
                        at <ScriptBlock>, C:\Users\Userqwerty\PowerShell\Functions\Get-SoftwareReport.ps1: line 1512
PipelineIterationInfo : {}

PSMessageDetails      : 
Exception             : System.Management.Automation.RuntimeException: You cannot call a method on a null-valued expression.
                           at CallSite.Target(Closure , CallSite , Object , Object )
                           at <ScriptBlock>(Closure , FunctionContext )
TargetObject          : 
CategoryInfo          : InvalidOperation: (:) [], RuntimeException
FullyQualifiedErrorId : InvokeMethodOnNull
ErrorDetails          : 
InvocationInfo        : System.Management.Automation.InvocationInfo
ScriptStackTrace      : at <ScriptBlock>, C:\Users\Userqwerty\PowerShell\Functions\Get-SoftwareReport.ps1: line 97
                        at Global:Load-ListBoxItems, C:\Users\Userqwerty\PowerShell\Functions\Get-SoftwareReport.ps1: line 94
                        at <ScriptBlock>, C:\Users\Userqwerty\PowerShell\Functions\Get-SoftwareReport.ps1: line 639
                        at Update-JobTracker, C:\Users\Userqwerty\PowerShell\Functions\Get-SoftwareReport.ps1: line 838
                        at <ScriptBlock>, C:\Users\Userqwerty\PowerShell\Functions\Get-SoftwareReport.ps1: line 885
                        at Call-Get-SoftwareReport2_0_11a_pff, C:\Users\Userqwerty\PowerShell\Functions\Get-SoftwareReport.ps1: line 1504
                        at <ScriptBlock>, C:\Users\Userqwerty\PowerShell\Functions\Get-SoftwareReport.ps1: line 1512
PipelineIterationInfo : {}

PSMessageDetails      : 
Exception             : System.Management.Automation.RuntimeException: You cannot call a method on a null-valued expression.
                           at CallSite.Target(Closure , CallSite , Object , Object )
                           at <ScriptBlock>(Closure , FunctionContext )
TargetObject          : 
CategoryInfo          : InvalidOperation: (:) [], RuntimeException
FullyQualifiedErrorId : InvokeMethodOnNull
ErrorDetails          : 
InvocationInfo        : System.Management.Automation.InvocationInfo
ScriptStackTrace      : at <ScriptBlock>, C:\Users\Userqwerty\PowerShell\Functions\Get-SoftwareReport.ps1: line 97
                        at Global:Load-ListBoxItems, C:\Users\Userqwerty\PowerShell\Functions\Get-SoftwareReport.ps1: line 94
                        at <ScriptBlock>, C:\Users\Userqwerty\PowerShell\Functions\Get-SoftwareReport.ps1: line 639
                        at Update-JobTracker, C:\Users\Userqwerty\PowerShell\Functions\Get-SoftwareReport.ps1: line 838
                        at <ScriptBlock>, C:\Users\Userqwerty\PowerShell\Functions\Get-SoftwareReport.ps1: line 885
                        at Call-Get-SoftwareReport2_0_11a_pff, C:\Users\Userqwerty\PowerShell\Functions\Get-SoftwareReport.ps1: line 1504
                        at <ScriptBlock>, C:\Users\Userqwerty\PowerShell\Functions\Get-SoftwareReport.ps1: line 1512
PipelineIterationInfo : {}

PSMessageDetails      : 
Exception             : System.Management.Automation.RuntimeException: You cannot call a method on a null-valued expression.
                           at CallSite.Target(Closure , CallSite , Object , Object )
                           at <ScriptBlock>(Closure , FunctionContext )
TargetObject          : 
CategoryInfo          : InvalidOperation: (:) [], RuntimeException
FullyQualifiedErrorId : InvokeMethodOnNull
ErrorDetails          : 
InvocationInfo        : System.Management.Automation.InvocationInfo
ScriptStackTrace      : at <ScriptBlock>, C:\Users\Userqwerty\PowerShell\Functions\Get-SoftwareReport.ps1: line 97
                        at Global:Load-ListBoxItems, C:\Users\Userqwerty\PowerShell\Functions\Get-SoftwareReport.ps1: line 94
                        at <ScriptBlock>, C:\Users\Userqwerty\PowerShell\Functions\Get-SoftwareReport.ps1: line 639
                        at Update-JobTracker, C:\Users\Userqwerty\PowerShell\Functions\Get-SoftwareReport.ps1: line 838
                        at <ScriptBlock>, C:\Users\Userqwerty\PowerShell\Functions\Get-SoftwareReport.ps1: line 885
                        at Call-Get-SoftwareReport2_0_11a_pff, C:\Users\Userqwerty\PowerShell\Functions\Get-SoftwareReport.ps1: line 1504
                        at <ScriptBlock>, C:\Users\Userqwerty\PowerShell\Functions\Get-SoftwareReport.ps1: line 1512
PipelineIterationInfo : {}

PSMessageDetails      : 
Exception             : System.Management.Automation.RuntimeException: You cannot call a method on a null-valued expression.
                           at CallSite.Target(Closure , CallSite , Object , Object )
                           at <ScriptBlock>(Closure , FunctionContext )
TargetObject          : 
CategoryInfo          : InvalidOperation: (:) [], RuntimeException
FullyQualifiedErrorId : InvokeMethodOnNull
ErrorDetails          : 
InvocationInfo        : System.Management.Automation.InvocationInfo
ScriptStackTrace      : at <ScriptBlock>, C:\Users\Userqwerty\PowerShell\Functions\Get-SoftwareReport.ps1: line 97
                        at Global:Load-ListBoxItems, C:\Users\Userqwerty\PowerShell\Functions\Get-SoftwareReport.ps1: line 94
                        at <ScriptBlock>, C:\Users\Userqwerty\PowerShell\Functions\Get-SoftwareReport.ps1: line 639
                        at Update-JobTracker, C:\Users\Userqwerty\PowerShell\Functions\Get-SoftwareReport.ps1: line 838
                        at <ScriptBlock>, C:\Users\Userqwerty\PowerShell\Functions\Get-SoftwareReport.ps1: line 885
                        at Call-Get-SoftwareReport2_0_11a_pff, C:\Users\Userqwerty\PowerShell\Functions\Get-SoftwareReport.ps1: line 1504
                        at <ScriptBlock>, C:\Users\Userqwerty\PowerShell\Functions\Get-SoftwareReport.ps1: line 1512
PipelineIterationInfo : {}

PSMessageDetails      : 
Exception             : System.Management.Automation.RuntimeException: You cannot call a method on a null-valued expression.
                           at CallSite.Target(Closure , CallSite , Object , Object )
                           at <ScriptBlock>(Closure , FunctionContext )
TargetObject          : 
CategoryInfo          : InvalidOperation: (:) [], RuntimeException
FullyQualifiedErrorId : InvokeMethodOnNull
ErrorDetails          : 
InvocationInfo        : System.Management.Automation.InvocationInfo
ScriptStackTrace      : at <ScriptBlock>, C:\Users\Userqwerty\PowerShell\Functions\Get-SoftwareReport.ps1: line 97
                        at Global:Load-ListBoxItems, C:\Users\Userqwerty\PowerShell\Functions\Get-SoftwareReport.ps1: line 94
                        at <ScriptBlock>, C:\Users\Userqwerty\PowerShell\Functions\Get-SoftwareReport.ps1: line 639
                        at Update-JobTracker, C:\Users\Userqwerty\PowerShell\Functions\Get-SoftwareReport.ps1: line 838
                        at <ScriptBlock>, C:\Users\Userqwerty\PowerShell\Functions\Get-SoftwareReport.ps1: line 885
                        at Call-Get-SoftwareReport2_0_11a_pff, C:\Users\Userqwerty\PowerShell\Functions\Get-SoftwareReport.ps1: line 1504
                        at <ScriptBlock>, C:\Users\Userqwerty\PowerShell\Functions\Get-SoftwareReport.ps1: line 1512
PipelineIterationInfo : {}

PSMessageDetails      : 
Exception             : System.Management.Automation.RuntimeException: You cannot call a method on a null-valued expression.
                           at CallSite.Target(Closure , CallSite , Object , Object )
                           at <ScriptBlock>(Closure , FunctionContext )
TargetObject          : 
CategoryInfo          : InvalidOperation: (:) [], RuntimeException
FullyQualifiedErrorId : InvokeMethodOnNull
ErrorDetails          : 
InvocationInfo        : System.Management.Automation.InvocationInfo
ScriptStackTrace      : at <ScriptBlock>, C:\Users\Userqwerty\PowerShell\Functions\Get-SoftwareReport.ps1: line 97
                        at Global:Load-ListBoxItems, C:\Users\Userqwerty\PowerShell\Functions\Get-SoftwareReport.ps1: line 94
                        at <ScriptBlock>, C:\Users\Userqwerty\PowerShell\Functions\Get-SoftwareReport.ps1: line 639
                        at Update-JobTracker, C:\Users\Userqwerty\PowerShell\Functions\Get-SoftwareReport.ps1: line 838
                        at <ScriptBlock>, C:\Users\Userqwerty\PowerShell\Functions\Get-SoftwareReport.ps1: line 885
                        at Call-Get-SoftwareReport2_0_11a_pff, C:\Users\Userqwerty\PowerShell\Functions\Get-SoftwareReport.ps1: line 1504
                        at <ScriptBlock>, C:\Users\Userqwerty\PowerShell\Functions\Get-SoftwareReport.ps1: line 1512
PipelineIterationInfo : {}

PSMessageDetails      : 
Exception             : System.Management.Automation.RuntimeException: You cannot call a method on a null-valued expression.
                           at CallSite.Target(Closure , CallSite , Object , Object )
                           at <ScriptBlock>(Closure , FunctionContext )
TargetObject          : 
CategoryInfo          : InvalidOperation: (:) [], RuntimeException
FullyQualifiedErrorId : InvokeMethodOnNull
ErrorDetails          : 
InvocationInfo        : System.Management.Automation.InvocationInfo
ScriptStackTrace      : at <ScriptBlock>, C:\Users\Userqwerty\PowerShell\Functions\Get-SoftwareReport.ps1: line 97
                        at Global:Load-ListBoxItems, C:\Users\Userqwerty\PowerShell\Functions\Get-SoftwareReport.ps1: line 94
                        at <ScriptBlock>, C:\Users\Userqwerty\PowerShell\Functions\Get-SoftwareReport.ps1: line 639
                        at Update-JobTracker, C:\Users\Userqwerty\PowerShell\Functions\Get-SoftwareReport.ps1: line 838
                        at <ScriptBlock>, C:\Users\Userqwerty\PowerShell\Functions\Get-SoftwareReport.ps1: line 885
                        at Call-Get-SoftwareReport2_0_11a_pff, C:\Users\Userqwerty\PowerShell\Functions\Get-SoftwareReport.ps1: line 1504
                        at <ScriptBlock>, C:\Users\Userqwerty\PowerShell\Functions\Get-SoftwareReport.ps1: line 1512
PipelineIterationInfo : {}

PSMessageDetails      : 
Exception             : System.Management.Automation.RuntimeException: You cannot call a method on a null-valued expression.
                           at CallSite.Target(Closure , CallSite , Object , Object )
                           at <ScriptBlock>(Closure , FunctionContext )
TargetObject          : 
CategoryInfo          : InvalidOperation: (:) [], RuntimeException
FullyQualifiedErrorId : InvokeMethodOnNull
ErrorDetails          : 
InvocationInfo        : System.Management.Automation.InvocationInfo
ScriptStackTrace      : at <ScriptBlock>, C:\Users\Userqwerty\PowerShell\Functions\Get-SoftwareReport.ps1: line 97
                        at Global:Load-ListBoxItems, C:\Users\Userqwerty\PowerShell\Functions\Get-SoftwareReport.ps1: line 94
                        at <ScriptBlock>, C:\Users\Userqwerty\PowerShell\Functions\Get-SoftwareReport.ps1: line 639
                        at Update-JobTracker, C:\Users\Userqwerty\PowerShell\Functions\Get-SoftwareReport.ps1: line 838
                        at <ScriptBlock>, C:\Users\Userqwerty\PowerShell\Functions\Get-SoftwareReport.ps1: line 885
                        at Call-Get-SoftwareReport2_0_11a_pff, C:\Users\Userqwerty\PowerShell\Functions\Get-SoftwareReport.ps1: line 1504
                        at <ScriptBlock>, C:\Users\Userqwerty\PowerShell\Functions\Get-SoftwareReport.ps1: line 1512
PipelineIterationInfo : {}

PSMessageDetails      : 
Exception             : System.Management.Automation.RuntimeException: You cannot call a method on a null-valued expression.
                           at CallSite.Target(Closure , CallSite , Object , Object )
                           at <ScriptBlock>(Closure , FunctionContext )
TargetObject          : 
CategoryInfo          : InvalidOperation: (:) [], RuntimeException
FullyQualifiedErrorId : InvokeMethodOnNull
ErrorDetails          : 
InvocationInfo        : System.Management.Automation.InvocationInfo
ScriptStackTrace      : at <ScriptBlock>, C:\Users\Userqwerty\PowerShell\Functions\Get-SoftwareReport.ps1: line 97
                        at Global:Load-ListBoxItems, C:\Users\Userqwerty\PowerShell\Functions\Get-SoftwareReport.ps1: line 94
                        at <ScriptBlock>, C:\Users\Userqwerty\PowerShell\Functions\Get-SoftwareReport.ps1: line 639
                        at Update-JobTracker, C:\Users\Userqwerty\PowerShell\Functions\Get-SoftwareReport.ps1: line 838
                        at <ScriptBlock>, C:\Users\Userqwerty\PowerShell\Functions\Get-SoftwareReport.ps1: line 885
                        at Call-Get-SoftwareReport2_0_11a_pff, C:\Users\Userqwerty\PowerShell\Functions\Get-SoftwareReport.ps1: line 1504
                        at <ScriptBlock>, C:\Users\Userqwerty\PowerShell\Functions\Get-SoftwareReport.ps1: line 1512
PipelineIterationInfo : {}

PSMessageDetails      : 
Exception             : System.Management.Automation.RuntimeException: You cannot call a method on a null-valued expression.
                           at CallSite.Target(Closure , CallSite , Object , Object )
                           at <ScriptBlock>(Closure , FunctionContext )
TargetObject          : 
CategoryInfo          : InvalidOperation: (:) [], RuntimeException
FullyQualifiedErrorId : InvokeMethodOnNull
ErrorDetails          : 
InvocationInfo        : System.Management.Automation.InvocationInfo
ScriptStackTrace      : at <ScriptBlock>, C:\Users\Userqwerty\PowerShell\Functions\Get-SoftwareReport.ps1: line 97
                        at Global:Load-ListBoxItems, C:\Users\Userqwerty\PowerShell\Functions\Get-SoftwareReport.ps1: line 94
                        at <ScriptBlock>, C:\Users\Userqwerty\PowerShell\Functions\Get-SoftwareReport.ps1: line 639
                        at Update-JobTracker, C:\Users\Userqwerty\PowerShell\Functions\Get-SoftwareReport.ps1: line 838
                        at <ScriptBlock>, C:\Users\Userqwerty\PowerShell\Functions\Get-SoftwareReport.ps1: line 885
                        at Call-Get-SoftwareReport2_0_11a_pff, C:\Users\Userqwerty\PowerShell\Functions\Get-SoftwareReport.ps1: line 1504
                        at <ScriptBlock>, C:\Users\Userqwerty\PowerShell\Functions\Get-SoftwareReport.ps1: line 1512
PipelineIterationInfo : {}

PSMessageDetails      : 
Exception             : System.Management.Automation.RuntimeException: You cannot call a method on a null-valued expression.
                           at CallSite.Target(Closure , CallSite , Object , Object )
                           at <ScriptBlock>(Closure , FunctionContext )
TargetObject          : 
CategoryInfo          : InvalidOperation: (:) [], RuntimeException
FullyQualifiedErrorId : InvokeMethodOnNull
ErrorDetails          : 
InvocationInfo        : System.Management.Automation.InvocationInfo
ScriptStackTrace      : at <ScriptBlock>, C:\Users\Userqwerty\PowerShell\Functions\Get-SoftwareReport.ps1: line 97
                        at Global:Load-ListBoxItems, C:\Users\Userqwerty\PowerShell\Functions\Get-SoftwareReport.ps1: line 94
                        at <ScriptBlock>, C:\Users\Userqwerty\PowerShell\Functions\Get-SoftwareReport.ps1: line 639
                        at Update-JobTracker, C:\Users\Userqwerty\PowerShell\Functions\Get-SoftwareReport.ps1: line 838
                        at <ScriptBlock>, C:\Users\Userqwerty\PowerShell\Functions\Get-SoftwareReport.ps1: line 885
                        at Call-Get-SoftwareReport2_0_11a_pff, C:\Users\Userqwerty\PowerShell\Functions\Get-SoftwareReport.ps1: line 1504
                        at <ScriptBlock>, C:\Users\Userqwerty\PowerShell\Functions\Get-SoftwareReport.ps1: line 1512
PipelineIterationInfo : {}

PSMessageDetails      : 
Exception             : System.Management.Automation.RuntimeException: You cannot call a method on a null-valued expression.
                           at CallSite.Target(Closure , CallSite , Object , Object )
                           at <ScriptBlock>(Closure , FunctionContext )
TargetObject          : 
CategoryInfo          : InvalidOperation: (:) [], RuntimeException
FullyQualifiedErrorId : InvokeMethodOnNull
ErrorDetails          : 
InvocationInfo        : System.Management.Automation.InvocationInfo
ScriptStackTrace      : at <ScriptBlock>, C:\Users\Userqwerty\PowerShell\Functions\Get-SoftwareReport.ps1: line 97
                        at Global:Load-ListBoxItems, C:\Users\Userqwerty\PowerShell\Functions\Get-SoftwareReport.ps1: line 94
                        at <ScriptBlock>, C:\Users\Userqwerty\PowerShell\Functions\Get-SoftwareReport.ps1: line 639
                        at Update-JobTracker, C:\Users\Userqwerty\PowerShell\Functions\Get-SoftwareReport.ps1: line 838
                        at <ScriptBlock>, C:\Users\Userqwerty\PowerShell\Functions\Get-SoftwareReport.ps1: line 885
                        at Call-Get-SoftwareReport2_0_11a_pff, C:\Users\Userqwerty\PowerShell\Functions\Get-SoftwareReport.ps1: line 1504
                        at <ScriptBlock>, C:\Users\Userqwerty\PowerShell\Functions\Get-SoftwareReport.ps1: line 1512
PipelineIterationInfo : {}

PSMessageDetails      : 
Exception             : System.Management.Automation.RuntimeException: You cannot call a method on a null-valued expression.
                           at CallSite.Target(Closure , CallSite , Object , Object )
                           at <ScriptBlock>(Closure , FunctionContext )
TargetObject          : 
CategoryInfo          : InvalidOperation: (:) [], RuntimeException
FullyQualifiedErrorId : InvokeMethodOnNull
ErrorDetails          : 
InvocationInfo        : System.Management.Automation.InvocationInfo
ScriptStackTrace      : at <ScriptBlock>, C:\Users\Userqwerty\PowerShell\Functions\Get-SoftwareReport.ps1: line 97
                        at Global:Load-ListBoxItems, C:\Users\Userqwerty\PowerShell\Functions\Get-SoftwareReport.ps1: line 94
                        at <ScriptBlock>, C:\Users\Userqwerty\PowerShell\Functions\Get-SoftwareReport.ps1: line 639
                        at Update-JobTracker, C:\Users\Userqwerty\PowerShell\Functions\Get-SoftwareReport.ps1: line 838
                        at <ScriptBlock>, C:\Users\Userqwerty\PowerShell\Functions\Get-SoftwareReport.ps1: line 885
                        at Call-Get-SoftwareReport2_0_11a_pff, C:\Users\Userqwerty\PowerShell\Functions\Get-SoftwareReport.ps1: line 1504
                        at <ScriptBlock>, C:\Users\Userqwerty\PowerShell\Functions\Get-SoftwareReport.ps1: line 1512
PipelineIterationInfo : {}

PSMessageDetails      : 
Exception             : System.Management.Automation.RuntimeException: You cannot call a method on a null-valued expression.
                           at CallSite.Target(Closure , CallSite , Object , Object )
                           at <ScriptBlock>(Closure , FunctionContext )
TargetObject          : 
CategoryInfo          : InvalidOperation: (:) [], RuntimeException
FullyQualifiedErrorId : InvokeMethodOnNull
ErrorDetails          : 
InvocationInfo        : System.Management.Automation.InvocationInfo
ScriptStackTrace      : at <ScriptBlock>, C:\Users\Userqwerty\PowerShell\Functions\Get-SoftwareReport.ps1: line 97
                        at Global:Load-ListBoxItems, C:\Users\Userqwerty\PowerShell\Functions\Get-SoftwareReport.ps1: line 94
                        at <ScriptBlock>, C:\Users\Userqwerty\PowerShell\Functions\Get-SoftwareReport.ps1: line 639
                        at Update-JobTracker, C:\Users\Userqwerty\PowerShell\Functions\Get-SoftwareReport.ps1: line 838
                        at <ScriptBlock>, C:\Users\Userqwerty\PowerShell\Functions\Get-SoftwareReport.ps1: line 885
                        at Call-Get-SoftwareReport2_0_11a_pff, C:\Users\Userqwerty\PowerShell\Functions\Get-SoftwareReport.ps1: line 1504
                        at <ScriptBlock>, C:\Users\Userqwerty\PowerShell\Functions\Get-SoftwareReport.ps1: line 1512
PipelineIterationInfo : {}

PSMessageDetails      : 
Exception             : System.Management.Automation.RuntimeException: You cannot call a method on a null-valued expression.
                           at CallSite.Target(Closure , CallSite , Object , Object )
                           at <ScriptBlock>(Closure , FunctionContext )
TargetObject          : 
CategoryInfo          : InvalidOperation: (:) [], RuntimeException
FullyQualifiedErrorId : InvokeMethodOnNull
ErrorDetails          : 
InvocationInfo        : System.Management.Automation.InvocationInfo
ScriptStackTrace      : at <ScriptBlock>, C:\Users\Userqwerty\PowerShell\Functions\Get-SoftwareReport.ps1: line 97
                        at Global:Load-ListBoxItems, C:\Users\Userqwerty\PowerShell\Functions\Get-SoftwareReport.ps1: line 94
                        at <ScriptBlock>, C:\Users\Userqwerty\PowerShell\Functions\Get-SoftwareReport.ps1: line 639
                        at Update-JobTracker, C:\Users\Userqwerty\PowerShell\Functions\Get-SoftwareReport.ps1: line 838
                        at <ScriptBlock>, C:\Users\Userqwerty\PowerShell\Functions\Get-SoftwareReport.ps1: line 885
                        at Call-Get-SoftwareReport2_0_11a_pff, C:\Users\Userqwerty\PowerShell\Functions\Get-SoftwareReport.ps1: line 1504
                        at <ScriptBlock>, C:\Users\Userqwerty\PowerShell\Functions\Get-SoftwareReport.ps1: line 1512
PipelineIterationInfo : {}

PSMessageDetails      : 
Exception             : System.Management.Automation.RuntimeException: You cannot call a method on a null-valued expression.
                           at CallSite.Target(Closure , CallSite , Object , Object )
                           at <ScriptBlock>(Closure , FunctionContext )
TargetObject          : 
CategoryInfo          : InvalidOperation: (:) [], RuntimeException
FullyQualifiedErrorId : InvokeMethodOnNull
ErrorDetails          : 
InvocationInfo        : System.Management.Automation.InvocationInfo
ScriptStackTrace      : at <ScriptBlock>, C:\Users\Userqwerty\PowerShell\Functions\Get-SoftwareReport.ps1: line 97
                        at Global:Load-ListBoxItems, C:\Users\Userqwerty\PowerShell\Functions\Get-SoftwareReport.ps1: line 94
                        at <ScriptBlock>, C:\Users\Userqwerty\PowerShell\Functions\Get-SoftwareReport.ps1: line 639
                        at Update-JobTracker, C:\Users\Userqwerty\PowerShell\Functions\Get-SoftwareReport.ps1: line 838
                        at <ScriptBlock>, C:\Users\Userqwerty\PowerShell\Functions\Get-SoftwareReport.ps1: line 885
                        at Call-Get-SoftwareReport2_0_11a_pff, C:\Users\Userqwerty\PowerShell\Functions\Get-SoftwareReport.ps1: line 1504
                        at <ScriptBlock>, C:\Users\Userqwerty\PowerShell\Functions\Get-SoftwareReport.ps1: line 1512
PipelineIterationInfo : {}

PSMessageDetails      : 
Exception             : System.Management.Automation.RuntimeException: You cannot call a method on a null-valued expression.
                           at CallSite.Target(Closure , CallSite , Object , Object )
                           at <ScriptBlock>(Closure , FunctionContext )
TargetObject          : 
CategoryInfo          : InvalidOperation: (:) [], RuntimeException
FullyQualifiedErrorId : InvokeMethodOnNull
ErrorDetails          : 
InvocationInfo        : System.Management.Automation.InvocationInfo
ScriptStackTrace      : at <ScriptBlock>, C:\Users\Userqwerty\PowerShell\Functions\Get-SoftwareReport.ps1: line 97
                        at Global:Load-ListBoxItems, C:\Users\Userqwerty\PowerShell\Functions\Get-SoftwareReport.ps1: line 94
                        at <ScriptBlock>, C:\Users\Userqwerty\PowerShell\Functions\Get-SoftwareReport.ps1: line 639
                        at Update-JobTracker, C:\Users\Userqwerty\PowerShell\Functions\Get-SoftwareReport.ps1: line 838
                        at <ScriptBlock>, C:\Users\Userqwerty\PowerShell\Functions\Get-SoftwareReport.ps1: line 885
                        at Call-Get-SoftwareReport2_0_11a_pff, C:\Users\Userqwerty\PowerShell\Functions\Get-SoftwareReport.ps1: line 1504
                        at <ScriptBlock>, C:\Users\Userqwerty\PowerShell\Functions\Get-SoftwareReport.ps1: line 1512
PipelineIterationInfo : {}

PSMessageDetails      : 
Exception             : System.Management.Automation.RuntimeException: You cannot call a method on a null-valued expression.
                           at CallSite.Target(Closure , CallSite , Object , Object )
                           at <ScriptBlock>(Closure , FunctionContext )
TargetObject          : 
CategoryInfo          : InvalidOperation: (:) [], RuntimeException
FullyQualifiedErrorId : InvokeMethodOnNull
ErrorDetails          : 
InvocationInfo        : System.Management.Automation.InvocationInfo
ScriptStackTrace      : at <ScriptBlock>, C:\Users\Userqwerty\PowerShell\Functions\Get-SoftwareReport.ps1: line 97
                        at Global:Load-ListBoxItems, C:\Users\Userqwerty\PowerShell\Functions\Get-SoftwareReport.ps1: line 94
                        at <ScriptBlock>, C:\Users\Userqwerty\PowerShell\Functions\Get-SoftwareReport.ps1: line 639
                        at Update-JobTracker, C:\Users\Userqwerty\PowerShell\Functions\Get-SoftwareReport.ps1: line 838
                        at <ScriptBlock>, C:\Users\Userqwerty\PowerShell\Functions\Get-SoftwareReport.ps1: line 885
                        at Call-Get-SoftwareReport2_0_11a_pff, C:\Users\Userqwerty\PowerShell\Functions\Get-SoftwareReport.ps1: line 1504
                        at <ScriptBlock>, C:\Users\Userqwerty\PowerShell\Functions\Get-SoftwareReport.ps1: line 1512
PipelineIterationInfo : {}

PSMessageDetails      : 
Exception             : System.Management.Automation.RuntimeException: You cannot call a method on a null-valued expression.
                           at CallSite.Target(Closure , CallSite , Object , Object )
                           at <ScriptBlock>(Closure , FunctionContext )
TargetObject          : 
CategoryInfo          : InvalidOperation: (:) [], RuntimeException
FullyQualifiedErrorId : InvokeMethodOnNull
ErrorDetails          : 
InvocationInfo        : System.Management.Automation.InvocationInfo
ScriptStackTrace      : at <ScriptBlock>, C:\Users\Userqwerty\PowerShell\Functions\Get-SoftwareReport.ps1: line 97
                        at Global:Load-ListBoxItems, C:\Users\Userqwerty\PowerShell\Functions\Get-SoftwareReport.ps1: line 94
                        at <ScriptBlock>, C:\Users\Userqwerty\PowerShell\Functions\Get-SoftwareReport.ps1: line 639
                        at Update-JobTracker, C:\Users\Userqwerty\PowerShell\Functions\Get-SoftwareReport.ps1: line 838
                        at <ScriptBlock>, C:\Users\Userqwerty\PowerShell\Functions\Get-SoftwareReport.ps1: line 885
                        at Call-Get-SoftwareReport2_0_11a_pff, C:\Users\Userqwerty\PowerShell\Functions\Get-SoftwareReport.ps1: line 1504
                        at <ScriptBlock>, C:\Users\Userqwerty\PowerShell\Functions\Get-SoftwareReport.ps1: line 1512
PipelineIterationInfo : {}

PSMessageDetails      : 
Exception             : System.Management.Automation.RuntimeException: You cannot call a method on a null-valued expression.
                           at CallSite.Target(Closure , CallSite , Object , Object )
                           at <ScriptBlock>(Closure , FunctionContext )
TargetObject          : 
CategoryInfo          : InvalidOperation: (:) [], RuntimeException
FullyQualifiedErrorId : InvokeMethodOnNull
ErrorDetails          : 
InvocationInfo        : System.Management.Automation.InvocationInfo
ScriptStackTrace      : at <ScriptBlock>, C:\Users\Userqwerty\PowerShell\Functions\Get-SoftwareReport.ps1: line 97
                        at Global:Load-ListBoxItems, C:\Users\Userqwerty\PowerShell\Functions\Get-SoftwareReport.ps1: line 94
                        at <ScriptBlock>, C:\Users\Userqwerty\PowerShell\Functions\Get-SoftwareReport.ps1: line 639
                        at Update-JobTracker, C:\Users\Userqwerty\PowerShell\Functions\Get-SoftwareReport.ps1: line 838
                        at <ScriptBlock>, C:\Users\Userqwerty\PowerShell\Functions\Get-SoftwareReport.ps1: line 885
                        at Call-Get-SoftwareReport2_0_11a_pff, C:\Users\Userqwerty\PowerShell\Functions\Get-SoftwareReport.ps1: line 1504
                        at <ScriptBlock>, C:\Users\Userqwerty\PowerShell\Functions\Get-SoftwareReport.ps1: line 1512
PipelineIterationInfo : {}

PSMessageDetails      : 
Exception             : System.Management.Automation.RuntimeException: You cannot call a method on a null-valued expression.
                           at CallSite.Target(Closure , CallSite , Object , Object )
                           at <ScriptBlock>(Closure , FunctionContext )
TargetObject          : 
CategoryInfo          : InvalidOperation: (:) [], RuntimeException
FullyQualifiedErrorId : InvokeMethodOnNull
ErrorDetails          : 
InvocationInfo        : System.Management.Automation.InvocationInfo
ScriptStackTrace      : at <ScriptBlock>, C:\Users\Userqwerty\PowerShell\Functions\Get-SoftwareReport.ps1: line 97
                        at Global:Load-ListBoxItems, C:\Users\Userqwerty\PowerShell\Functions\Get-SoftwareReport.ps1: line 94
                        at <ScriptBlock>, C:\Users\Userqwerty\PowerShell\Functions\Get-SoftwareReport.ps1: line 639
                        at Update-JobTracker, C:\Users\Userqwerty\PowerShell\Functions\Get-SoftwareReport.ps1: line 838
                        at <ScriptBlock>, C:\Users\Userqwerty\PowerShell\Functions\Get-SoftwareReport.ps1: line 885
                        at Call-Get-SoftwareReport2_0_11a_pff, C:\Users\Userqwerty\PowerShell\Functions\Get-SoftwareReport.ps1: line 1504
                        at <ScriptBlock>, C:\Users\Userqwerty\PowerShell\Functions\Get-SoftwareReport.ps1: line 1512
PipelineIterationInfo : {}

PSMessageDetails      : 
Exception             : System.Management.Automation.RuntimeException: You cannot call a method on a null-valued expression.
                           at CallSite.Target(Closure , CallSite , Object , Object )
                           at <ScriptBlock>(Closure , FunctionContext )
TargetObject          : 
CategoryInfo          : InvalidOperation: (:) [], RuntimeException
FullyQualifiedErrorId : InvokeMethodOnNull
ErrorDetails          : 
InvocationInfo        : System.Management.Automation.InvocationInfo
ScriptStackTrace      : at <ScriptBlock>, C:\Users\Userqwerty\PowerShell\Functions\Get-SoftwareReport.ps1: line 97
                        at Global:Load-ListBoxItems, C:\Users\Userqwerty\PowerShell\Functions\Get-SoftwareReport.ps1: line 94
                        at <ScriptBlock>, C:\Users\Userqwerty\PowerShell\Functions\Get-SoftwareReport.ps1: line 639
                        at Update-JobTracker, C:\Users\Userqwerty\PowerShell\Functions\Get-SoftwareReport.ps1: line 838
                        at <ScriptBlock>, C:\Users\Userqwerty\PowerShell\Functions\Get-SoftwareReport.ps1: line 885
                        at Call-Get-SoftwareReport2_0_11a_pff, C:\Users\Userqwerty\PowerShell\Functions\Get-SoftwareReport.ps1: line 1504
                        at <ScriptBlock>, C:\Users\Userqwerty\PowerShell\Functions\Get-SoftwareReport.ps1: line 1512
PipelineIterationInfo : {}

PSMessageDetails      : 
Exception             : System.Management.Automation.RuntimeException: You cannot call a method on a null-valued expression.
                           at CallSite.Target(Closure , CallSite , Object , Object )
                           at <ScriptBlock>(Closure , FunctionContext )
TargetObject          : 
CategoryInfo          : InvalidOperation: (:) [], RuntimeException
FullyQualifiedErrorId : InvokeMethodOnNull
ErrorDetails          : 
InvocationInfo        : System.Management.Automation.InvocationInfo
ScriptStackTrace      : at <ScriptBlock>, C:\Users\Userqwerty\PowerShell\Functions\Get-SoftwareReport.ps1: line 97
                        at Global:Load-ListBoxItems, C:\Users\Userqwerty\PowerShell\Functions\Get-SoftwareReport.ps1: line 94
                        at <ScriptBlock>, C:\Users\Userqwerty\PowerShell\Functions\Get-SoftwareReport.ps1: line 639
                        at Update-JobTracker, C:\Users\Userqwerty\PowerShell\Functions\Get-SoftwareReport.ps1: line 838
                        at <ScriptBlock>, C:\Users\Userqwerty\PowerShell\Functions\Get-SoftwareReport.ps1: line 885
                        at Call-Get-SoftwareReport2_0_11a_pff, C:\Users\Userqwerty\PowerShell\Functions\Get-SoftwareReport.ps1: line 1504
                        at <ScriptBlock>, C:\Users\Userqwerty\PowerShell\Functions\Get-SoftwareReport.ps1: line 1512
PipelineIterationInfo : {}

PSMessageDetails      : 
Exception             : System.Management.Automation.RuntimeException: You cannot call a method on a null-valued expression.
                           at CallSite.Target(Closure , CallSite , Object , Object )
                           at <ScriptBlock>(Closure , FunctionContext )
TargetObject          : 
CategoryInfo          : InvalidOperation: (:) [], RuntimeException
FullyQualifiedErrorId : InvokeMethodOnNull
ErrorDetails          : 
InvocationInfo        : System.Management.Automation.InvocationInfo
ScriptStackTrace      : at <ScriptBlock>, C:\Users\Userqwerty\PowerShell\Functions\Get-SoftwareReport.ps1: line 97
                        at Global:Load-ListBoxItems, C:\Users\Userqwerty\PowerShell\Functions\Get-SoftwareReport.ps1: line 94
                        at <ScriptBlock>, C:\Users\Userqwerty\PowerShell\Functions\Get-SoftwareReport.ps1: line 639
                        at Update-JobTracker, C:\Users\Userqwerty\PowerShell\Functions\Get-SoftwareReport.ps1: line 838
                        at <ScriptBlock>, C:\Users\Userqwerty\PowerShell\Functions\Get-SoftwareReport.ps1: line 885
                        at Call-Get-SoftwareReport2_0_11a_pff, C:\Users\Userqwerty\PowerShell\Functions\Get-SoftwareReport.ps1: line 1504
                        at <ScriptBlock>, C:\Users\Userqwerty\PowerShell\Functions\Get-SoftwareReport.ps1: line 1512
PipelineIterationInfo : {}

PSMessageDetails      : 
Exception             : System.Management.Automation.RuntimeException: You cannot call a method on a null-valued expression.
                           at CallSite.Target(Closure , CallSite , Object , Object )
                           at <ScriptBlock>(Closure , FunctionContext )
TargetObject          : 
CategoryInfo          : InvalidOperation: (:) [], RuntimeException
FullyQualifiedErrorId : InvokeMethodOnNull
ErrorDetails          : 
InvocationInfo        : System.Management.Automation.InvocationInfo
ScriptStackTrace      : at <ScriptBlock>, C:\Users\Userqwerty\PowerShell\Functions\Get-SoftwareReport.ps1: line 97
                        at Global:Load-ListBoxItems, C:\Users\Userqwerty\PowerShell\Functions\Get-SoftwareReport.ps1: line 94
                        at <ScriptBlock>, C:\Users\Userqwerty\PowerShell\Functions\Get-SoftwareReport.ps1: line 639
                        at Update-JobTracker, C:\Users\Userqwerty\PowerShell\Functions\Get-SoftwareReport.ps1: line 838
                        at <ScriptBlock>, C:\Users\Userqwerty\PowerShell\Functions\Get-SoftwareReport.ps1: line 885
                        at Call-Get-SoftwareReport2_0_11a_pff, C:\Users\Userqwerty\PowerShell\Functions\Get-SoftwareReport.ps1: line 1504
                        at <ScriptBlock>, C:\Users\Userqwerty\PowerShell\Functions\Get-SoftwareReport.ps1: line 1512
PipelineIterationInfo : {}

PSMessageDetails      : 
Exception             : System.Management.Automation.RuntimeException: You cannot call a method on a null-valued expression.
                           at CallSite.Target(Closure , CallSite , Object , Object )
                           at <ScriptBlock>(Closure , FunctionContext )
TargetObject          : 
CategoryInfo          : InvalidOperation: (:) [], RuntimeException
FullyQualifiedErrorId : InvokeMethodOnNull
ErrorDetails          : 
InvocationInfo        : System.Management.Automation.InvocationInfo
ScriptStackTrace      : at <ScriptBlock>, C:\Users\Userqwerty\PowerShell\Functions\Get-SoftwareReport.ps1: line 97
                        at Global:Load-ListBoxItems, C:\Users\Userqwerty\PowerShell\Functions\Get-SoftwareReport.ps1: line 94
                        at <ScriptBlock>, C:\Users\Userqwerty\PowerShell\Functions\Get-SoftwareReport.ps1: line 639
                        at Update-JobTracker, C:\Users\Userqwerty\PowerShell\Functions\Get-SoftwareReport.ps1: line 838
                        at <ScriptBlock>, C:\Users\Userqwerty\PowerShell\Functions\Get-SoftwareReport.ps1: line 885
                        at Call-Get-SoftwareReport2_0_11a_pff, C:\Users\Userqwerty\PowerShell\Functions\Get-SoftwareReport.ps1: line 1504
                        at <ScriptBlock>, C:\Users\Userqwerty\PowerShell\Functions\Get-SoftwareReport.ps1: line 1512
PipelineIterationInfo : {}

PSMessageDetails      : 
Exception             : System.Management.Automation.RuntimeException: You cannot call a method on a null-valued expression.
                           at CallSite.Target(Closure , CallSite , Object , Object )
                           at <ScriptBlock>(Closure , FunctionContext )
TargetObject          : 
CategoryInfo          : InvalidOperation: (:) [], RuntimeException
FullyQualifiedErrorId : InvokeMethodOnNull
ErrorDetails          : 
InvocationInfo        : System.Management.Automation.InvocationInfo
ScriptStackTrace      : at <ScriptBlock>, C:\Users\Userqwerty\PowerShell\Functions\Get-SoftwareReport.ps1: line 97
                        at Global:Load-ListBoxItems, C:\Users\Userqwerty\PowerShell\Functions\Get-SoftwareReport.ps1: line 94
                        at <ScriptBlock>, C:\Users\Userqwerty\PowerShell\Functions\Get-SoftwareReport.ps1: line 639
                        at Update-JobTracker, C:\Users\Userqwerty\PowerShell\Functions\Get-SoftwareReport.ps1: line 838
                        at <ScriptBlock>, C:\Users\Userqwerty\PowerShell\Functions\Get-SoftwareReport.ps1: line 885
                        at Call-Get-SoftwareReport2_0_11a_pff, C:\Users\Userqwerty\PowerShell\Functions\Get-SoftwareReport.ps1: line 1504
                        at <ScriptBlock>, C:\Users\Userqwerty\PowerShell\Functions\Get-SoftwareReport.ps1: line 1512
PipelineIterationInfo : {}

PSMessageDetails      : 
Exception             : System.Management.Automation.RuntimeException: You cannot call a method on a null-valued expression.
                           at CallSite.Target(Closure , CallSite , Object , Object )
                           at <ScriptBlock>(Closure , FunctionContext )
TargetObject          : 
CategoryInfo          : InvalidOperation: (:) [], RuntimeException
FullyQualifiedErrorId : InvokeMethodOnNull
ErrorDetails          : 
InvocationInfo        : System.Management.Automation.InvocationInfo
ScriptStackTrace      : at <ScriptBlock>, C:\Users\Userqwerty\PowerShell\Functions\Get-SoftwareReport.ps1: line 97
                        at Global:Load-ListBoxItems, C:\Users\Userqwerty\PowerShell\Functions\Get-SoftwareReport.ps1: line 94
                        at <ScriptBlock>, C:\Users\Userqwerty\PowerShell\Functions\Get-SoftwareReport.ps1: line 639
                        at Update-JobTracker, C:\Users\Userqwerty\PowerShell\Functions\Get-SoftwareReport.ps1: line 838
                        at <ScriptBlock>, C:\Users\Userqwerty\PowerShell\Functions\Get-SoftwareReport.ps1: line 885
                        at Call-Get-SoftwareReport2_0_11a_pff, C:\Users\Userqwerty\PowerShell\Functions\Get-SoftwareReport.ps1: line 1504
                        at <ScriptBlock>, C:\Users\Userqwerty\PowerShell\Functions\Get-SoftwareReport.ps1: line 1512
PipelineIterationInfo : {}

PSMessageDetails      : 
Exception             : System.Management.Automation.RuntimeException: You cannot call a method on a null-valued expression.
                           at CallSite.Target(Closure , CallSite , Object , Object )
                           at <ScriptBlock>(Closure , FunctionContext )
TargetObject          : 
CategoryInfo          : InvalidOperation: (:) [], RuntimeException
FullyQualifiedErrorId : InvokeMethodOnNull
ErrorDetails          : 
InvocationInfo        : System.Management.Automation.InvocationInfo
ScriptStackTrace      : at <ScriptBlock>, C:\Users\Userqwerty\PowerShell\Functions\Get-SoftwareReport.ps1: line 97
                        at Global:Load-ListBoxItems, C:\Users\Userqwerty\PowerShell\Functions\Get-SoftwareReport.ps1: line 94
                        at <ScriptBlock>, C:\Users\Userqwerty\PowerShell\Functions\Get-SoftwareReport.ps1: line 639
                        at Update-JobTracker, C:\Users\Userqwerty\PowerShell\Functions\Get-SoftwareReport.ps1: line 838
                        at <ScriptBlock>, C:\Users\Userqwerty\PowerShell\Functions\Get-SoftwareReport.ps1: line 885
                        at Call-Get-SoftwareReport2_0_11a_pff, C:\Users\Userqwerty\PowerShell\Functions\Get-SoftwareReport.ps1: line 1504
                        at <ScriptBlock>, C:\Users\Userqwerty\PowerShell\Functions\Get-SoftwareReport.ps1: line 1512
PipelineIterationInfo : {}

PSMessageDetails      : 
Exception             : System.Management.Automation.RuntimeException: You cannot call a method on a null-valued expression.
                           at CallSite.Target(Closure , CallSite , Object , Object )
                           at <ScriptBlock>(Closure , FunctionContext )
TargetObject          : 
CategoryInfo          : InvalidOperation: (:) [], RuntimeException
FullyQualifiedErrorId : InvokeMethodOnNull
ErrorDetails          : 
InvocationInfo        : System.Management.Automation.InvocationInfo
ScriptStackTrace      : at <ScriptBlock>, C:\Users\Userqwerty\PowerShell\Functions\Get-SoftwareReport.ps1: line 97
                        at Global:Load-ListBoxItems, C:\Users\Userqwerty\PowerShell\Functions\Get-SoftwareReport.ps1: line 94
                        at <ScriptBlock>, C:\Users\Userqwerty\PowerShell\Functions\Get-SoftwareReport.ps1: line 639
                        at Update-JobTracker, C:\Users\Userqwerty\PowerShell\Functions\Get-SoftwareReport.ps1: line 838
                        at <ScriptBlock>, C:\Users\Userqwerty\PowerShell\Functions\Get-SoftwareReport.ps1: line 885
                        at Call-Get-SoftwareReport2_0_11a_pff, C:\Users\Userqwerty\PowerShell\Functions\Get-SoftwareReport.ps1: line 1504
                        at <ScriptBlock>, C:\Users\Userqwerty\PowerShell\Functions\Get-SoftwareReport.ps1: line 1512
PipelineIterationInfo : {}

PSMessageDetails      : 
Exception             : System.Management.Automation.RuntimeException: You cannot call a method on a null-valued expression.
                           at CallSite.Target(Closure , CallSite , Object , Object )
                           at <ScriptBlock>(Closure , FunctionContext )
TargetObject          : 
CategoryInfo          : InvalidOperation: (:) [], RuntimeException
FullyQualifiedErrorId : InvokeMethodOnNull
ErrorDetails          : 
InvocationInfo        : System.Management.Automation.InvocationInfo
ScriptStackTrace      : at <ScriptBlock>, C:\Users\Userqwerty\PowerShell\Functions\Get-SoftwareReport.ps1: line 97
                        at Global:Load-ListBoxItems, C:\Users\Userqwerty\PowerShell\Functions\Get-SoftwareReport.ps1: line 94
                        at <ScriptBlock>, C:\Users\Userqwerty\PowerShell\Functions\Get-SoftwareReport.ps1: line 639
                        at Update-JobTracker, C:\Users\Userqwerty\PowerShell\Functions\Get-SoftwareReport.ps1: line 838
                        at <ScriptBlock>, C:\Users\Userqwerty\PowerShell\Functions\Get-SoftwareReport.ps1: line 885
                        at Call-Get-SoftwareReport2_0_11a_pff, C:\Users\Userqwerty\PowerShell\Functions\Get-SoftwareReport.ps1: line 1504
                        at <ScriptBlock>, C:\Users\Userqwerty\PowerShell\Functions\Get-SoftwareReport.ps1: line 1512
PipelineIterationInfo : {}

PSMessageDetails      : 
Exception             : System.Management.Automation.RuntimeException: You cannot call a method on a null-valued expression.
                           at CallSite.Target(Closure , CallSite , Object , Object )
                           at <ScriptBlock>(Closure , FunctionContext )
TargetObject          : 
CategoryInfo          : InvalidOperation: (:) [], RuntimeException
FullyQualifiedErrorId : InvokeMethodOnNull
ErrorDetails          : 
InvocationInfo        : System.Management.Automation.InvocationInfo
ScriptStackTrace      : at <ScriptBlock>, C:\Users\Userqwerty\PowerShell\Functions\Get-SoftwareReport.ps1: line 97
                        at Global:Load-ListBoxItems, C:\Users\Userqwerty\PowerShell\Functions\Get-SoftwareReport.ps1: line 94
                        at <ScriptBlock>, C:\Users\Userqwerty\PowerShell\Functions\Get-SoftwareReport.ps1: line 639
                        at Update-JobTracker, C:\Users\Userqwerty\PowerShell\Functions\Get-SoftwareReport.ps1: line 838
                        at <ScriptBlock>, C:\Users\Userqwerty\PowerShell\Functions\Get-SoftwareReport.ps1: line 885
                        at Call-Get-SoftwareReport2_0_11a_pff, C:\Users\Userqwerty\PowerShell\Functions\Get-SoftwareReport.ps1: line 1504
                        at <ScriptBlock>, C:\Users\Userqwerty\PowerShell\Functions\Get-SoftwareReport.ps1: line 1512
PipelineIterationInfo : {}

PSMessageDetails      : 
Exception             : System.Management.Automation.RuntimeException: You cannot call a method on a null-valued expression.
                           at CallSite.Target(Closure , CallSite , Object , Object )
                           at <ScriptBlock>(Closure , FunctionContext )
TargetObject          : 
CategoryInfo          : InvalidOperation: (:) [], RuntimeException
FullyQualifiedErrorId : InvokeMethodOnNull
ErrorDetails          : 
InvocationInfo        : System.Management.Automation.InvocationInfo
ScriptStackTrace      : at <ScriptBlock>, C:\Users\Userqwerty\PowerShell\Functions\Get-SoftwareReport.ps1: line 97
                        at Global:Load-ListBoxItems, C:\Users\Userqwerty\PowerShell\Functions\Get-SoftwareReport.ps1: line 94
                        at <ScriptBlock>, C:\Users\Userqwerty\PowerShell\Functions\Get-SoftwareReport.ps1: line 639
                        at Update-JobTracker, C:\Users\Userqwerty\PowerShell\Functions\Get-SoftwareReport.ps1: line 838
                        at <ScriptBlock>, C:\Users\Userqwerty\PowerShell\Functions\Get-SoftwareReport.ps1: line 885
                        at Call-Get-SoftwareReport2_0_11a_pff, C:\Users\Userqwerty\PowerShell\Functions\Get-SoftwareReport.ps1: line 1504
                        at <ScriptBlock>, C:\Users\Userqwerty\PowerShell\Functions\Get-SoftwareReport.ps1: line 1512
PipelineIterationInfo : {}

PSMessageDetails      : 
Exception             : System.Management.Automation.RuntimeException: You cannot call a method on a null-valued expression.
                           at CallSite.Target(Closure , CallSite , Object , Object )
                           at <ScriptBlock>(Closure , FunctionContext )
TargetObject          : 
CategoryInfo          : InvalidOperation: (:) [], RuntimeException
FullyQualifiedErrorId : InvokeMethodOnNull
ErrorDetails          : 
InvocationInfo        : System.Management.Automation.InvocationInfo
ScriptStackTrace      : at <ScriptBlock>, C:\Users\Userqwerty\PowerShell\Functions\Get-SoftwareReport.ps1: line 97
                        at Global:Load-ListBoxItems, C:\Users\Userqwerty\PowerShell\Functions\Get-SoftwareReport.ps1: line 94
                        at <ScriptBlock>, C:\Users\Userqwerty\PowerShell\Functions\Get-SoftwareReport.ps1: line 639
                        at Update-JobTracker, C:\Users\Userqwerty\PowerShell\Functions\Get-SoftwareReport.ps1: line 838
                        at <ScriptBlock>, C:\Users\Userqwerty\PowerShell\Functions\Get-SoftwareReport.ps1: line 885
                        at Call-Get-SoftwareReport2_0_11a_pff, C:\Users\Userqwerty\PowerShell\Functions\Get-SoftwareReport.ps1: line 1504
                        at <ScriptBlock>, C:\Users\Userqwerty\PowerShell\Functions\Get-SoftwareReport.ps1: line 1512
PipelineIterationInfo : {}

PSMessageDetails      : 
Exception             : System.Management.Automation.RuntimeException: You cannot call a method on a null-valued expression.
                           at CallSite.Target(Closure , CallSite , Object , Object )
                           at <ScriptBlock>(Closure , FunctionContext )
TargetObject          : 
CategoryInfo          : InvalidOperation: (:) [], RuntimeException
FullyQualifiedErrorId : InvokeMethodOnNull
ErrorDetails          : 
InvocationInfo        : System.Management.Automation.InvocationInfo
ScriptStackTrace      : at <ScriptBlock>, C:\Users\Userqwerty\PowerShell\Functions\Get-SoftwareReport.ps1: line 97
                        at Global:Load-ListBoxItems, C:\Users\Userqwerty\PowerShell\Functions\Get-SoftwareReport.ps1: line 94
                        at <ScriptBlock>, C:\Users\Userqwerty\PowerShell\Functions\Get-SoftwareReport.ps1: line 639
                        at Update-JobTracker, C:\Users\Userqwerty\PowerShell\Functions\Get-SoftwareReport.ps1: line 838
                        at <ScriptBlock>, C:\Users\Userqwerty\PowerShell\Functions\Get-SoftwareReport.ps1: line 885
                        at Call-Get-SoftwareReport2_0_11a_pff, C:\Users\Userqwerty\PowerShell\Functions\Get-SoftwareReport.ps1: line 1504
                        at <ScriptBlock>, C:\Users\Userqwerty\PowerShell\Functions\Get-SoftwareReport.ps1: line 1512
PipelineIterationInfo : {}

PSMessageDetails      : 
Exception             : System.Management.Automation.RuntimeException: You cannot call a method on a null-valued expression.
                           at CallSite.Target(Closure , CallSite , Object , Object )
                           at <ScriptBlock>(Closure , FunctionContext )
TargetObject          : 
CategoryInfo          : InvalidOperation: (:) [], RuntimeException
FullyQualifiedErrorId : InvokeMethodOnNull
ErrorDetails          : 
InvocationInfo        : System.Management.Automation.InvocationInfo
ScriptStackTrace      : at <ScriptBlock>, C:\Users\Userqwerty\PowerShell\Functions\Get-SoftwareReport.ps1: line 97
                        at Global:Load-ListBoxItems, C:\Users\Userqwerty\PowerShell\Functions\Get-SoftwareReport.ps1: line 94
                        at <ScriptBlock>, C:\Users\Userqwerty\PowerShell\Functions\Get-SoftwareReport.ps1: line 639
                        at Update-JobTracker, C:\Users\Userqwerty\PowerShell\Functions\Get-SoftwareReport.ps1: line 838
                        at <ScriptBlock>, C:\Users\Userqwerty\PowerShell\Functions\Get-SoftwareReport.ps1: line 885
                        at Call-Get-SoftwareReport2_0_11a_pff, C:\Users\Userqwerty\PowerShell\Functions\Get-SoftwareReport.ps1: line 1504
                        at <ScriptBlock>, C:\Users\Userqwerty\PowerShell\Functions\Get-SoftwareReport.ps1: line 1512
PipelineIterationInfo : {}

PSMessageDetails      : 
Exception             : System.Management.Automation.RuntimeException: You cannot call a method on a null-valued expression.
                           at CallSite.Target(Closure , CallSite , Object , Object )
                           at <ScriptBlock>(Closure , FunctionContext )
TargetObject          : 
CategoryInfo          : InvalidOperation: (:) [], RuntimeException
FullyQualifiedErrorId : InvokeMethodOnNull
ErrorDetails          : 
InvocationInfo        : System.Management.Automation.InvocationInfo
ScriptStackTrace      : at <ScriptBlock>, C:\Users\Userqwerty\PowerShell\Functions\Get-SoftwareReport.ps1: line 97
                        at Global:Load-ListBoxItems, C:\Users\Userqwerty\PowerShell\Functions\Get-SoftwareReport.ps1: line 94
                        at <ScriptBlock>, C:\Users\Userqwerty\PowerShell\Functions\Get-SoftwareReport.ps1: line 639
                        at Update-JobTracker, C:\Users\Userqwerty\PowerShell\Functions\Get-SoftwareReport.ps1: line 838
                        at <ScriptBlock>, C:\Users\Userqwerty\PowerShell\Functions\Get-SoftwareReport.ps1: line 885
                        at Call-Get-SoftwareReport2_0_11a_pff, C:\Users\Userqwerty\PowerShell\Functions\Get-SoftwareReport.ps1: line 1504
                        at <ScriptBlock>, C:\Users\Userqwerty\PowerShell\Functions\Get-SoftwareReport.ps1: line 1512
PipelineIterationInfo : {}

PSMessageDetails      : 
Exception             : System.Management.Automation.RuntimeException: You cannot call a method on a null-valued expression.
                           at CallSite.Target(Closure , CallSite , Object , Object )
                           at <ScriptBlock>(Closure , FunctionContext )
TargetObject          : 
CategoryInfo          : InvalidOperation: (:) [], RuntimeException
FullyQualifiedErrorId : InvokeMethodOnNull
ErrorDetails          : 
InvocationInfo        : System.Management.Automation.InvocationInfo
ScriptStackTrace      : at <ScriptBlock>, C:\Users\Userqwerty\PowerShell\Functions\Get-SoftwareReport.ps1: line 97
                        at Global:Load-ListBoxItems, C:\Users\Userqwerty\PowerShell\Functions\Get-SoftwareReport.ps1: line 94
                        at <ScriptBlock>, C:\Users\Userqwerty\PowerShell\Functions\Get-SoftwareReport.ps1: line 639
                        at Update-JobTracker, C:\Users\Userqwerty\PowerShell\Functions\Get-SoftwareReport.ps1: line 838
                        at <ScriptBlock>, C:\Users\Userqwerty\PowerShell\Functions\Get-SoftwareReport.ps1: line 885
                        at Call-Get-SoftwareReport2_0_11a_pff, C:\Users\Userqwerty\PowerShell\Functions\Get-SoftwareReport.ps1: line 1504
                        at <ScriptBlock>, C:\Users\Userqwerty\PowerShell\Functions\Get-SoftwareReport.ps1: line 1512
PipelineIterationInfo : {}

PSMessageDetails      : 
Exception             : System.Management.Automation.RuntimeException: You cannot call a method on a null-valued expression.
                           at CallSite.Target(Closure , CallSite , Object , Object )
                           at <ScriptBlock>(Closure , FunctionContext )
TargetObject          : 
CategoryInfo          : InvalidOperation: (:) [], RuntimeException
FullyQualifiedErrorId : InvokeMethodOnNull
ErrorDetails          : 
InvocationInfo        : System.Management.Automation.InvocationInfo
ScriptStackTrace      : at <ScriptBlock>, C:\Users\Userqwerty\PowerShell\Functions\Get-SoftwareReport.ps1: line 97
                        at Global:Load-ListBoxItems, C:\Users\Userqwerty\PowerShell\Functions\Get-SoftwareReport.ps1: line 94
                        at <ScriptBlock>, C:\Users\Userqwerty\PowerShell\Functions\Get-SoftwareReport.ps1: line 639
                        at Update-JobTracker, C:\Users\Userqwerty\PowerShell\Functions\Get-SoftwareReport.ps1: line 838
                        at <ScriptBlock>, C:\Users\Userqwerty\PowerShell\Functions\Get-SoftwareReport.ps1: line 885
                        at Call-Get-SoftwareReport2_0_11a_pff, C:\Users\Userqwerty\PowerShell\Functions\Get-SoftwareReport.ps1: line 1504
                        at <ScriptBlock>, C:\Users\Userqwerty\PowerShell\Functions\Get-SoftwareReport.ps1: line 1512
PipelineIterationInfo : {}

PSMessageDetails      : 
Exception             : System.Management.Automation.RuntimeException: You cannot call a method on a null-valued expression.
                           at CallSite.Target(Closure , CallSite , Object , Object )
                           at <ScriptBlock>(Closure , FunctionContext )
TargetObject          : 
CategoryInfo          : InvalidOperation: (:) [], RuntimeException
FullyQualifiedErrorId : InvokeMethodOnNull
ErrorDetails          : 
InvocationInfo        : System.Management.Automation.InvocationInfo
ScriptStackTrace      : at <ScriptBlock>, C:\Users\Userqwerty\PowerShell\Functions\Get-SoftwareReport.ps1: line 97
                        at Global:Load-ListBoxItems, C:\Users\Userqwerty\PowerShell\Functions\Get-SoftwareReport.ps1: line 94
                        at <ScriptBlock>, C:\Users\Userqwerty\PowerShell\Functions\Get-SoftwareReport.ps1: line 639
                        at Update-JobTracker, C:\Users\Userqwerty\PowerShell\Functions\Get-SoftwareReport.ps1: line 838
                        at <ScriptBlock>, C:\Users\Userqwerty\PowerShell\Functions\Get-SoftwareReport.ps1: line 885
                        at Call-Get-SoftwareReport2_0_11a_pff, C:\Users\Userqwerty\PowerShell\Functions\Get-SoftwareReport.ps1: line 1504
                        at <ScriptBlock>, C:\Users\Userqwerty\PowerShell\Functions\Get-SoftwareReport.ps1: line 1512
PipelineIterationInfo : {}

PSMessageDetails      : 
Exception             : System.Management.Automation.RuntimeException: You cannot call a method on a null-valued expression.
                           at CallSite.Target(Closure , CallSite , Object , Object )
                           at <ScriptBlock>(Closure , FunctionContext )
TargetObject          : 
CategoryInfo          : InvalidOperation: (:) [], RuntimeException
FullyQualifiedErrorId : InvokeMethodOnNull
ErrorDetails          : 
InvocationInfo        : System.Management.Automation.InvocationInfo
ScriptStackTrace      : at <ScriptBlock>, C:\Users\Userqwerty\PowerShell\Functions\Get-SoftwareReport.ps1: line 97
                        at Global:Load-ListBoxItems, C:\Users\Userqwerty\PowerShell\Functions\Get-SoftwareReport.ps1: line 94
                        at <ScriptBlock>, C:\Users\Userqwerty\PowerShell\Functions\Get-SoftwareReport.ps1: line 639
                        at Update-JobTracker, C:\Users\Userqwerty\PowerShell\Functions\Get-SoftwareReport.ps1: line 838
                        at <ScriptBlock>, C:\Users\Userqwerty\PowerShell\Functions\Get-SoftwareReport.ps1: line 885
                        at Call-Get-SoftwareReport2_0_11a_pff, C:\Users\Userqwerty\PowerShell\Functions\Get-SoftwareReport.ps1: line 1504
                        at <ScriptBlock>, C:\Users\Userqwerty\PowerShell\Functions\Get-SoftwareReport.ps1: line 1512
PipelineIterationInfo : {}

PSMessageDetails      : 
Exception             : System.Management.Automation.RuntimeException: You cannot call a method on a null-valued expression.
                           at CallSite.Target(Closure , CallSite , Object , Object )
                           at <ScriptBlock>(Closure , FunctionContext )
TargetObject          : 
CategoryInfo          : InvalidOperation: (:) [], RuntimeException
FullyQualifiedErrorId : InvokeMethodOnNull
ErrorDetails          : 
InvocationInfo        : System.Management.Automation.InvocationInfo
ScriptStackTrace      : at <ScriptBlock>, C:\Users\Userqwerty\PowerShell\Functions\Get-SoftwareReport.ps1: line 97
                        at Global:Load-ListBoxItems, C:\Users\Userqwerty\PowerShell\Functions\Get-SoftwareReport.ps1: line 94
                        at <ScriptBlock>, C:\Users\Userqwerty\PowerShell\Functions\Get-SoftwareReport.ps1: line 639
                        at Update-JobTracker, C:\Users\Userqwerty\PowerShell\Functions\Get-SoftwareReport.ps1: line 838
                        at <ScriptBlock>, C:\Users\Userqwerty\PowerShell\Functions\Get-SoftwareReport.ps1: line 885
                        at Call-Get-SoftwareReport2_0_11a_pff, C:\Users\Userqwerty\PowerShell\Functions\Get-SoftwareReport.ps1: line 1504
                        at <ScriptBlock>, C:\Users\Userqwerty\PowerShell\Functions\Get-SoftwareReport.ps1: line 1512
PipelineIterationInfo : {}

PSMessageDetails      : 
Exception             : System.Management.Automation.RuntimeException: You cannot call a method on a null-valued expression.
                           at CallSite.Target(Closure , CallSite , Object , Object )
                           at <ScriptBlock>(Closure , FunctionContext )
TargetObject          : 
CategoryInfo          : InvalidOperation: (:) [], RuntimeException
FullyQualifiedErrorId : InvokeMethodOnNull
ErrorDetails          : 
InvocationInfo        : System.Management.Automation.InvocationInfo
ScriptStackTrace      : at <ScriptBlock>, C:\Users\Userqwerty\PowerShell\Functions\Get-SoftwareReport.ps1: line 97
                        at Global:Load-ListBoxItems, C:\Users\Userqwerty\PowerShell\Functions\Get-SoftwareReport.ps1: line 94
                        at <ScriptBlock>, C:\Users\Userqwerty\PowerShell\Functions\Get-SoftwareReport.ps1: line 639
                        at Update-JobTracker, C:\Users\Userqwerty\PowerShell\Functions\Get-SoftwareReport.ps1: line 838
                        at <ScriptBlock>, C:\Users\Userqwerty\PowerShell\Functions\Get-SoftwareReport.ps1: line 885
                        at Call-Get-SoftwareReport2_0_11a_pff, C:\Users\Userqwerty\PowerShell\Functions\Get-SoftwareReport.ps1: line 1504
                        at <ScriptBlock>, C:\Users\Userqwerty\PowerShell\Functions\Get-SoftwareReport.ps1: line 1512
PipelineIterationInfo : {}

PSMessageDetails      : 
Exception             : System.Management.Automation.RuntimeException: You cannot call a method on a null-valued expression.
                           at CallSite.Target(Closure , CallSite , Object , Object )
                           at <ScriptBlock>(Closure , FunctionContext )
TargetObject          : 
CategoryInfo          : InvalidOperation: (:) [], RuntimeException
FullyQualifiedErrorId : InvokeMethodOnNull
ErrorDetails          : 
InvocationInfo        : System.Management.Automation.InvocationInfo
ScriptStackTrace      : at <ScriptBlock>, C:\Users\Userqwerty\PowerShell\Functions\Get-SoftwareReport.ps1: line 97
                        at Global:Load-ListBoxItems, C:\Users\Userqwerty\PowerShell\Functions\Get-SoftwareReport.ps1: line 94
                        at <ScriptBlock>, C:\Users\Userqwerty\PowerShell\Functions\Get-SoftwareReport.ps1: line 639
                        at Update-JobTracker, C:\Users\Userqwerty\PowerShell\Functions\Get-SoftwareReport.ps1: line 838
                        at <ScriptBlock>, C:\Users\Userqwerty\PowerShell\Functions\Get-SoftwareReport.ps1: line 885
                        at Call-Get-SoftwareReport2_0_11a_pff, C:\Users\Userqwerty\PowerShell\Functions\Get-SoftwareReport.ps1: line 1504
                        at <ScriptBlock>, C:\Users\Userqwerty\PowerShell\Functions\Get-SoftwareReport.ps1: line 1512
PipelineIterationInfo : {}

PSMessageDetails      : 
Exception             : System.Management.Automation.RuntimeException: You cannot call a method on a null-valued expression.
                           at CallSite.Target(Closure , CallSite , Object , Object )
                           at <ScriptBlock>(Closure , FunctionContext )
TargetObject          : 
CategoryInfo          : InvalidOperation: (:) [], RuntimeException
FullyQualifiedErrorId : InvokeMethodOnNull
ErrorDetails          : 
InvocationInfo        : System.Management.Automation.InvocationInfo
ScriptStackTrace      : at <ScriptBlock>, C:\Users\Userqwerty\PowerShell\Functions\Get-SoftwareReport.ps1: line 97
                        at Global:Load-ListBoxItems, C:\Users\Userqwerty\PowerShell\Functions\Get-SoftwareReport.ps1: line 94
                        at <ScriptBlock>, C:\Users\Userqwerty\PowerShell\Functions\Get-SoftwareReport.ps1: line 639
                        at Update-JobTracker, C:\Users\Userqwerty\PowerShell\Functions\Get-SoftwareReport.ps1: line 838
                        at <ScriptBlock>, C:\Users\Userqwerty\PowerShell\Functions\Get-SoftwareReport.ps1: line 885
                        at Call-Get-SoftwareReport2_0_11a_pff, C:\Users\Userqwerty\PowerShell\Functions\Get-SoftwareReport.ps1: line 1504
                        at <ScriptBlock>, C:\Users\Userqwerty\PowerShell\Functions\Get-SoftwareReport.ps1: line 1512
PipelineIterationInfo : {}

PSMessageDetails      : 
Exception             : System.Management.Automation.RuntimeException: You cannot call a method on a null-valued expression.
                           at CallSite.Target(Closure , CallSite , Object , Object )
                           at <ScriptBlock>(Closure , FunctionContext )
TargetObject          : 
CategoryInfo          : InvalidOperation: (:) [], RuntimeException
FullyQualifiedErrorId : InvokeMethodOnNull
ErrorDetails          : 
InvocationInfo        : System.Management.Automation.InvocationInfo
ScriptStackTrace      : at <ScriptBlock>, C:\Users\Userqwerty\PowerShell\Functions\Get-SoftwareReport.ps1: line 97
                        at Global:Load-ListBoxItems, C:\Users\Userqwerty\PowerShell\Functions\Get-SoftwareReport.ps1: line 94
                        at <ScriptBlock>, C:\Users\Userqwerty\PowerShell\Functions\Get-SoftwareReport.ps1: line 639
                        at Update-JobTracker, C:\Users\Userqwerty\PowerShell\Functions\Get-SoftwareReport.ps1: line 838
                        at <ScriptBlock>, C:\Users\Userqwerty\PowerShell\Functions\Get-SoftwareReport.ps1: line 885
                        at Call-Get-SoftwareReport2_0_11a_pff, C:\Users\Userqwerty\PowerShell\Functions\Get-SoftwareReport.ps1: line 1504
                        at <ScriptBlock>, C:\Users\Userqwerty\PowerShell\Functions\Get-SoftwareReport.ps1: line 1512
PipelineIterationInfo : {}

PSMessageDetails      : 
Exception             : System.Management.Automation.RuntimeException: You cannot call a method on a null-valued expression.
                           at CallSite.Target(Closure , CallSite , Object , Object )
                           at <ScriptBlock>(Closure , FunctionContext )
TargetObject          : 
CategoryInfo          : InvalidOperation: (:) [], RuntimeException
FullyQualifiedErrorId : InvokeMethodOnNull
ErrorDetails          : 
InvocationInfo        : System.Management.Automation.InvocationInfo
ScriptStackTrace      : at <ScriptBlock>, C:\Users\Userqwerty\PowerShell\Functions\Get-SoftwareReport.ps1: line 97
                        at Global:Load-ListBoxItems, C:\Users\Userqwerty\PowerShell\Functions\Get-SoftwareReport.ps1: line 94
                        at <ScriptBlock>, C:\Users\Userqwerty\PowerShell\Functions\Get-SoftwareReport.ps1: line 639
                        at Update-JobTracker, C:\Users\Userqwerty\PowerShell\Functions\Get-SoftwareReport.ps1: line 838
                        at <ScriptBlock>, C:\Users\Userqwerty\PowerShell\Functions\Get-SoftwareReport.ps1: line 885
                        at Call-Get-SoftwareReport2_0_11a_pff, C:\Users\Userqwerty\PowerShell\Functions\Get-SoftwareReport.ps1: line 1504
                        at <ScriptBlock>, C:\Users\Userqwerty\PowerShell\Functions\Get-SoftwareReport.ps1: line 1512
PipelineIterationInfo : {}

PSMessageDetails      : 
Exception             : System.Management.Automation.ParameterBindingValidationException: Cannot validate argument on parameter 'ComputerName'. The argument is null or empty. Provide an argument that is not null or empty, and then try the command again. 
                        ---> System.Management.Automation.ValidationMetadataException: The argument is null or empty. Provide an argument that is not null or empty, and then try the command again.
                           at System.Management.Automation.ValidateNotNullOrEmptyAttribute.Validate(Object arguments, EngineIntrinsics engineIntrinsics)
                           at System.Management.Automation.ParameterBinderBase.BindParameter(CommandParameterInternal parameter, CompiledCommandParameter parameterMetadata, ParameterBindingFlags flags)
                           --- End of inner exception stack trace ---
                           at System.Management.Automation.ParameterBinderBase.BindParameter(CommandParameterInternal parameter, CompiledCommandParameter parameterMetadata, ParameterBindingFlags flags)
                           at System.Management.Automation.CmdletParameterBinderController.BindParameter(CommandParameterInternal argument, MergedCompiledCommandParameter parameter, ParameterBindingFlags flags)
                           at System.Management.Automation.CmdletParameterBinderController.BindParameter(UInt32 parameterSets, CommandParameterInternal argument, MergedCompiledCommandParameter parameter, ParameterBindingFlags flags)
                           at System.Management.Automation.CmdletParameterBinderController.BindParameters(UInt32 parameterSets, Collection`1 arguments)
                           at System.Management.Automation.CmdletParameterBinderController.BindCommandLineParametersNoValidation(Collection`1 arguments)
                           at System.Management.Automation.CmdletParameterBinderController.BindCommandLineParameters(Collection`1 arguments)
                           at System.Management.Automation.CommandProcessor.BindCommandLineParameters()
                           at System.Management.Automation.CommandProcessor.Prepare(IDictionary psDefaultParameterValues)
                           at System.Management.Automation.CommandProcessorBase.DoPrepare(IDictionary psDefaultParameterValues)
                           at System.Management.109.137.240.75.PipelineProcessor.Start(Boolean incomingStream)
                           at System.Management.109.137.240.75.PipelineProcessor.SynchronousExecuteEnumerate(Object input)
                        --- End of stack trace from previous location where exception was thrown ---
                           at System.Runtime.ExceptionServices.ExceptionDispatchInfo.Throw()
                           at System.Management.109.137.240.75.PipelineProcessor.SynchronousExecuteEnumerate(Object input)
                           at System.Management.Automation.PipelineOps.InvokePipeline(Object input, Boolean ignoreInput, CommandParameterInternal[][] pipeElements, CommandBaseAst[] pipeElementAsts, CommandRedirection[][] commandRedirections, 
                        FunctionContext funcContext)
                           at System.Management.Automation.Interpreter.ActionCallInstruction`6.Run(InterpretedFrame frame)
                           at System.Management.Automation.Interpreter.EnterTryCatchFinallyInstruction.Run(InterpretedFrame frame)
                           at System.Management.Automation.Interpreter.EnterTryCatchFinallyInstruction.Run(InterpretedFrame frame)
TargetObject          : 
CategoryInfo          : InvalidData: (:) [Test-Connection], ParameterBindingValidationException
FullyQualifiedErrorId : ParameterArgumentValidationError,Microsoft.PowerShell.Commands.TestConnectionCommand
ErrorDetails          : 
InvocationInfo        : System.Management.Automation.InvocationInfo
ScriptStackTrace      : at <ScriptBlock>, C:\Users\Userqwerty\PowerShell\Functions\Get-SoftwareReport.ps1: line 700
                        at Call-Get-SoftwareReport2_0_11a_pff, C:\Users\Userqwerty\PowerShell\Functions\Get-SoftwareReport.ps1: line 1504
                        at <ScriptBlock>, C:\Users\Userqwerty\PowerShell\Functions\Get-SoftwareReport.ps1: line 1512
PipelineIterationInfo : {}

PSMessageDetails      : 
Exception             : System.Management.Automation.RuntimeException: You cannot call a method on a null-valued expression.
                           at CallSite.Target(Closure , CallSite , Object , Object )
                           at <ScriptBlock>(Closure , FunctionContext )
TargetObject          : 
CategoryInfo          : InvalidOperation: (:) [], RuntimeException
FullyQualifiedErrorId : InvokeMethodOnNull
ErrorDetails          : 
InvocationInfo        : System.Management.Automation.InvocationInfo
ScriptStackTrace      : at <ScriptBlock>, C:\Users\Userqwerty\PowerShell\Functions\Get-SoftwareReport.ps1: line 97
                        at Global:Load-ListBoxItems, C:\Users\Userqwerty\PowerShell\Functions\Get-SoftwareReport.ps1: line 94
                        at <ScriptBlock>, C:\Users\Userqwerty\PowerShell\Functions\Get-SoftwareReport.ps1: line 639
                        at Update-JobTracker, C:\Users\Userqwerty\PowerShell\Functions\Get-SoftwareReport.ps1: line 838
                        at <ScriptBlock>, C:\Users\Userqwerty\PowerShell\Functions\Get-SoftwareReport.ps1: line 885
                        at Call-Get-SoftwareReport2_0_11a_pff, C:\Users\Userqwerty\PowerShell\Functions\Get-SoftwareReport.ps1: line 1504
                        at <ScriptBlock>, C:\Users\Userqwerty\PowerShell\Functions\Get-SoftwareReport.ps1: line 1512
PipelineIterationInfo : {}

PSMessageDetails      : 
Exception             : System.Management.Automation.RuntimeException: You cannot call a method on a null-valued expression.
                           at CallSite.Target(Closure , CallSite , Object , Object )
                           at <ScriptBlock>(Closure , FunctionContext )
TargetObject          : 
CategoryInfo          : InvalidOperation: (:) [], RuntimeException
FullyQualifiedErrorId : InvokeMethodOnNull
ErrorDetails          : 
InvocationInfo        : System.Management.Automation.InvocationInfo
ScriptStackTrace      : at <ScriptBlock>, C:\Users\Userqwerty\PowerShell\Functions\Get-SoftwareReport.ps1: line 97
                        at Global:Load-ListBoxItems, C:\Users\Userqwerty\PowerShell\Functions\Get-SoftwareReport.ps1: line 94
                        at <ScriptBlock>, C:\Users\Userqwerty\PowerShell\Functions\Get-SoftwareReport.ps1: line 639
                        at Update-JobTracker, C:\Users\Userqwerty\PowerShell\Functions\Get-SoftwareReport.ps1: line 838
                        at <ScriptBlock>, C:\Users\Userqwerty\PowerShell\Functions\Get-SoftwareReport.ps1: line 885
                        at Call-Get-SoftwareReport2_0_11a_pff, C:\Users\Userqwerty\PowerShell\Functions\Get-SoftwareReport.ps1: line 1504
                        at <ScriptBlock>, C:\Users\Userqwerty\PowerShell\Functions\Get-SoftwareReport.ps1: line 1512
PipelineIterationInfo : {}

PSMessageDetails      : 
Exception             : System.Management.Automation.RuntimeException: You cannot call a method on a null-valued expression.
                           at CallSite.Target(Closure , CallSite , Object , Object )
                           at <ScriptBlock>(Closure , FunctionContext )
TargetObject          : 
CategoryInfo          : InvalidOperation: (:) [], RuntimeException
FullyQualifiedErrorId : InvokeMethodOnNull
ErrorDetails          : 
InvocationInfo        : System.Management.Automation.InvocationInfo
ScriptStackTrace      : at <ScriptBlock>, C:\Users\Userqwerty\PowerShell\Functions\Get-SoftwareReport.ps1: line 97
                        at Global:Load-ListBoxItems, C:\Users\Userqwerty\PowerShell\Functions\Get-SoftwareReport.ps1: line 94
                        at <ScriptBlock>, C:\Users\Userqwerty\PowerShell\Functions\Get-SoftwareReport.ps1: line 639
                        at Update-JobTracker, C:\Users\Userqwerty\PowerShell\Functions\Get-SoftwareReport.ps1: line 838
                        at <ScriptBlock>, C:\Users\Userqwerty\PowerShell\Functions\Get-SoftwareReport.ps1: line 885
                        at Call-Get-SoftwareReport2_0_11a_pff, C:\Users\Userqwerty\PowerShell\Functions\Get-SoftwareReport.ps1: line 1504
                        at <ScriptBlock>, C:\Users\Userqwerty\PowerShell\Functions\Get-SoftwareReport.ps1: line 1512
PipelineIterationInfo : {}

PSMessageDetails      : 
Exception             : System.Management.Automation.RuntimeException: You cannot call a method on a null-valued expression.
                           at CallSite.Target(Closure , CallSite , Object , Object )
                           at <ScriptBlock>(Closure , FunctionContext )
TargetObject          : 
CategoryInfo          : InvalidOperation: (:) [], RuntimeException
FullyQualifiedErrorId : InvokeMethodOnNull
ErrorDetails          : 
InvocationInfo        : System.Management.Automation.InvocationInfo
ScriptStackTrace      : at <ScriptBlock>, C:\Users\Userqwerty\PowerShell\Functions\Get-SoftwareReport.ps1: line 97
                        at Global:Load-ListBoxItems, C:\Users\Userqwerty\PowerShell\Functions\Get-SoftwareReport.ps1: line 94
                        at <ScriptBlock>, C:\Users\Userqwerty\PowerShell\Functions\Get-SoftwareReport.ps1: line 639
                        at Update-JobTracker, C:\Users\Userqwerty\PowerShell\Functions\Get-SoftwareReport.ps1: line 838
                        at <ScriptBlock>, C:\Users\Userqwerty\PowerShell\Functions\Get-SoftwareReport.ps1: line 885
                        at Call-Get-SoftwareReport2_0_11a_pff, C:\Users\Userqwerty\PowerShell\Functions\Get-SoftwareReport.ps1: line 1504
                        at <ScriptBlock>, C:\Users\Userqwerty\PowerShell\Functions\Get-SoftwareReport.ps1: line 1512
PipelineIterationInfo : {}

PSMessageDetails      : 
Exception             : System.Management.Automation.RuntimeException: You cannot call a method on a null-valued expression.
                           at CallSite.Target(Closure , CallSite , Object , Object )
                           at <ScriptBlock>(Closure , FunctionContext )
TargetObject          : 
CategoryInfo          : InvalidOperation: (:) [], RuntimeException
FullyQualifiedErrorId : InvokeMethodOnNull
ErrorDetails          : 
InvocationInfo        : System.Management.Automation.InvocationInfo
ScriptStackTrace      : at <ScriptBlock>, C:\Users\Userqwerty\PowerShell\Functions\Get-SoftwareReport.ps1: line 97
                        at Global:Load-ListBoxItems, C:\Users\Userqwerty\PowerShell\Functions\Get-SoftwareReport.ps1: line 94
                        at <ScriptBlock>, C:\Users\Userqwerty\PowerShell\Functions\Get-SoftwareReport.ps1: line 639
                        at Update-JobTracker, C:\Users\Userqwerty\PowerShell\Functions\Get-SoftwareReport.ps1: line 838
                        at <ScriptBlock>, C:\Users\Userqwerty\PowerShell\Functions\Get-SoftwareReport.ps1: line 885
                        at Call-Get-SoftwareReport2_0_11a_pff, C:\Users\Userqwerty\PowerShell\Functions\Get-SoftwareReport.ps1: line 1504
                        at <ScriptBlock>, C:\Users\Userqwerty\PowerShell\Functions\Get-SoftwareReport.ps1: line 1512
PipelineIterationInfo : {}

PSMessageDetails      : 
Exception             : System.Management.Automation.RuntimeException: You cannot call a method on a null-valued expression.
                           at CallSite.Target(Closure , CallSite , Object , Object )
                           at <ScriptBlock>(Closure , FunctionContext )
TargetObject          : 
CategoryInfo          : InvalidOperation: (:) [], RuntimeException
FullyQualifiedErrorId : InvokeMethodOnNull
ErrorDetails          : 
InvocationInfo        : System.Management.Automation.InvocationInfo
ScriptStackTrace      : at <ScriptBlock>, C:\Users\Userqwerty\PowerShell\Functions\Get-SoftwareReport.ps1: line 97
                        at Global:Load-ListBoxItems, C:\Users\Userqwerty\PowerShell\Functions\Get-SoftwareReport.ps1: line 94
                        at <ScriptBlock>, C:\Users\Userqwerty\PowerShell\Functions\Get-SoftwareReport.ps1: line 639
                        at Update-JobTracker, C:\Users\Userqwerty\PowerShell\Functions\Get-SoftwareReport.ps1: line 838
                        at <ScriptBlock>, C:\Users\Userqwerty\PowerShell\Functions\Get-SoftwareReport.ps1: line 885
                        at Call-Get-SoftwareReport2_0_11a_pff, C:\Users\Userqwerty\PowerShell\Functions\Get-SoftwareReport.ps1: line 1504
                        at <ScriptBlock>, C:\Users\Userqwerty\PowerShell\Functions\Get-SoftwareReport.ps1: line 1512
PipelineIterationInfo : {}

PSMessageDetails      : 
Exception             : System.Management.Automation.RuntimeException: You cannot call a method on a null-valued expression.
                           at CallSite.Target(Closure , CallSite , Object , Object )
                           at <ScriptBlock>(Closure , FunctionContext )
TargetObject          : 
CategoryInfo          : InvalidOperation: (:) [], RuntimeException
FullyQualifiedErrorId : InvokeMethodOnNull
ErrorDetails          : 
InvocationInfo        : System.Management.Automation.InvocationInfo
ScriptStackTrace      : at <ScriptBlock>, C:\Users\Userqwerty\PowerShell\Functions\Get-SoftwareReport.ps1: line 97
                        at Global:Load-ListBoxItems, C:\Users\Userqwerty\PowerShell\Functions\Get-SoftwareReport.ps1: line 94
                        at <ScriptBlock>, C:\Users\Userqwerty\PowerShell\Functions\Get-SoftwareReport.ps1: line 639
                        at Update-JobTracker, C:\Users\Userqwerty\PowerShell\Functions\Get-SoftwareReport.ps1: line 838
                        at <ScriptBlock>, C:\Users\Userqwerty\PowerShell\Functions\Get-SoftwareReport.ps1: line 885
                        at Call-Get-SoftwareReport2_0_11a_pff, C:\Users\Userqwerty\PowerShell\Functions\Get-SoftwareReport.ps1: line 1504
                        at <ScriptBlock>, C:\Users\Userqwerty\PowerShell\Functions\Get-SoftwareReport.ps1: line 1512
PipelineIterationInfo : {}

PSMessageDetails      : 
Exception             : System.Management.Automation.RuntimeException: You cannot call a method on a null-valued expression.
                           at CallSite.Target(Closure , CallSite , Object , Object )
                           at <ScriptBlock>(Closure , FunctionContext )
TargetObject          : 
CategoryInfo          : InvalidOperation: (:) [], RuntimeException
FullyQualifiedErrorId : InvokeMethodOnNull
ErrorDetails          : 
InvocationInfo        : System.Management.Automation.InvocationInfo
ScriptStackTrace      : at <ScriptBlock>, C:\Users\Userqwerty\PowerShell\Functions\Get-SoftwareReport.ps1: line 97
                        at Global:Load-ListBoxItems, C:\Users\Userqwerty\PowerShell\Functions\Get-SoftwareReport.ps1: line 94
                        at <ScriptBlock>, C:\Users\Userqwerty\PowerShell\Functions\Get-SoftwareReport.ps1: line 639
                        at Update-JobTracker, C:\Users\Userqwerty\PowerShell\Functions\Get-SoftwareReport.ps1: line 838
                        at <ScriptBlock>, C:\Users\Userqwerty\PowerShell\Functions\Get-SoftwareReport.ps1: line 885
                        at Call-Get-SoftwareReport2_0_11a_pff, C:\Users\Userqwerty\PowerShell\Functions\Get-SoftwareReport.ps1: line 1504
                        at <ScriptBlock>, C:\Users\Userqwerty\PowerShell\Functions\Get-SoftwareReport.ps1: line 1512
PipelineIterationInfo : {}

PSMessageDetails      : 
Exception             : System.Management.Automation.RuntimeException: You cannot call a method on a null-valued expression.
                           at CallSite.Target(Closure , CallSite , Object , Object )
                           at <ScriptBlock>(Closure , FunctionContext )
TargetObject          : 
CategoryInfo          : InvalidOperation: (:) [], RuntimeException
FullyQualifiedErrorId : InvokeMethodOnNull
ErrorDetails          : 
InvocationInfo        : System.Management.Automation.InvocationInfo
ScriptStackTrace      : at <ScriptBlock>, C:\Users\Userqwerty\PowerShell\Functions\Get-SoftwareReport.ps1: line 97
                        at Global:Load-ListBoxItems, C:\Users\Userqwerty\PowerShell\Functions\Get-SoftwareReport.ps1: line 94
                        at <ScriptBlock>, C:\Users\Userqwerty\PowerShell\Functions\Get-SoftwareReport.ps1: line 639
                        at Update-JobTracker, C:\Users\Userqwerty\PowerShell\Functions\Get-SoftwareReport.ps1: line 838
                        at <ScriptBlock>, C:\Users\Userqwerty\PowerShell\Functions\Get-SoftwareReport.ps1: line 885
                        at Call-Get-SoftwareReport2_0_11a_pff, C:\Users\Userqwerty\PowerShell\Functions\Get-SoftwareReport.ps1: line 1504
                        at <ScriptBlock>, C:\Users\Userqwerty\PowerShell\Functions\Get-SoftwareReport.ps1: line 1512
PipelineIterationInfo : {}

PSMessageDetails      : 
Exception             : System.Management.Automation.RuntimeException: You cannot call a method on a null-valued expression.
                           at CallSite.Target(Closure , CallSite , Object , Object )
                           at <ScriptBlock>(Closure , FunctionContext )
TargetObject          : 
CategoryInfo          : InvalidOperation: (:) [], RuntimeException
FullyQualifiedErrorId : InvokeMethodOnNull
ErrorDetails          : 
InvocationInfo        : System.Management.Automation.InvocationInfo
ScriptStackTrace      : at <ScriptBlock>, C:\Users\Userqwerty\PowerShell\Functions\Get-SoftwareReport.ps1: line 97
                        at Global:Load-ListBoxItems, C:\Users\Userqwerty\PowerShell\Functions\Get-SoftwareReport.ps1: line 94
                        at <ScriptBlock>, C:\Users\Userqwerty\PowerShell\Functions\Get-SoftwareReport.ps1: line 639
                        at Update-JobTracker, C:\Users\Userqwerty\PowerShell\Functions\Get-SoftwareReport.ps1: line 838
                        at <ScriptBlock>, C:\Users\Userqwerty\PowerShell\Functions\Get-SoftwareReport.ps1: line 885
                        at Call-Get-SoftwareReport2_0_11a_pff, C:\Users\Userqwerty\PowerShell\Functions\Get-SoftwareReport.ps1: line 1504
                        at <ScriptBlock>, C:\Users\Userqwerty\PowerShell\Functions\Get-SoftwareReport.ps1: line 1512
PipelineIterationInfo : {}

PSMessageDetails      : 
Exception             : System.Management.Automation.RuntimeException: You cannot call a method on a null-valued expression.
                           at CallSite.Target(Closure , CallSite , Object , Object )
                           at <ScriptBlock>(Closure , FunctionContext )
TargetObject          : 
CategoryInfo          : InvalidOperation: (:) [], RuntimeException
FullyQualifiedErrorId : InvokeMethodOnNull
ErrorDetails          : 
InvocationInfo        : System.Management.Automation.InvocationInfo
ScriptStackTrace      : at <ScriptBlock>, C:\Users\Userqwerty\PowerShell\Functions\Get-SoftwareReport.ps1: line 97
                        at Global:Load-ListBoxItems, C:\Users\Userqwerty\PowerShell\Functions\Get-SoftwareReport.ps1: line 94
                        at <ScriptBlock>, C:\Users\Userqwerty\PowerShell\Functions\Get-SoftwareReport.ps1: line 639
                        at Update-JobTracker, C:\Users\Userqwerty\PowerShell\Functions\Get-SoftwareReport.ps1: line 838
                        at <ScriptBlock>, C:\Users\Userqwerty\PowerShell\Functions\Get-SoftwareReport.ps1: line 885
                        at Call-Get-SoftwareReport2_0_11a_pff, C:\Users\Userqwerty\PowerShell\Functions\Get-SoftwareReport.ps1: line 1504
                        at <ScriptBlock>, C:\Users\Userqwerty\PowerShell\Functions\Get-SoftwareReport.ps1: line 1512
PipelineIterationInfo : {}

PSMessageDetails      : 
Exception             : System.Management.Automation.RuntimeException: You cannot call a method on a null-valued expression.
                           at CallSite.Target(Closure , CallSite , Object , Object )
                           at <ScriptBlock>(Closure , FunctionContext )
TargetObject          : 
CategoryInfo          : InvalidOperation: (:) [], RuntimeException
FullyQualifiedErrorId : InvokeMethodOnNull
ErrorDetails          : 
InvocationInfo        : System.Management.Automation.InvocationInfo
ScriptStackTrace      : at <ScriptBlock>, C:\Users\Userqwerty\PowerShell\Functions\Get-SoftwareReport.ps1: line 97
                        at Global:Load-ListBoxItems, C:\Users\Userqwerty\PowerShell\Functions\Get-SoftwareReport.ps1: line 94
                        at <ScriptBlock>, C:\Users\Userqwerty\PowerShell\Functions\Get-SoftwareReport.ps1: line 639
                        at Update-JobTracker, C:\Users\Userqwerty\PowerShell\Functions\Get-SoftwareReport.ps1: line 838
                        at <ScriptBlock>, C:\Users\Userqwerty\PowerShell\Functions\Get-SoftwareReport.ps1: line 885
                        at Call-Get-SoftwareReport2_0_11a_pff, C:\Users\Userqwerty\PowerShell\Functions\Get-SoftwareReport.ps1: line 1504
                        at <ScriptBlock>, C:\Users\Userqwerty\PowerShell\Functions\Get-SoftwareReport.ps1: line 1512
PipelineIterationInfo : {}

PSMessageDetails      : 
Exception             : System.Management.Automation.RuntimeException: You cannot call a method on a null-valued expression.
                           at CallSite.Target(Closure , CallSite , Object , Object )
                           at <ScriptBlock>(Closure , FunctionContext )
TargetObject          : 
CategoryInfo          : InvalidOperation: (:) [], RuntimeException
FullyQualifiedErrorId : InvokeMethodOnNull
ErrorDetails          : 
InvocationInfo        : System.Management.Automation.InvocationInfo
ScriptStackTrace      : at <ScriptBlock>, C:\Users\Userqwerty\PowerShell\Functions\Get-SoftwareReport.ps1: line 97
                        at Global:Load-ListBoxItems, C:\Users\Userqwerty\PowerShell\Functions\Get-SoftwareReport.ps1: line 94
                        at <ScriptBlock>, C:\Users\Userqwerty\PowerShell\Functions\Get-SoftwareReport.ps1: line 639
                        at Update-JobTracker, C:\Users\Userqwerty\PowerShell\Functions\Get-SoftwareReport.ps1: line 838
                        at <ScriptBlock>, C:\Users\Userqwerty\PowerShell\Functions\Get-SoftwareReport.ps1: line 885
                        at Call-Get-SoftwareReport2_0_11a_pff, C:\Users\Userqwerty\PowerShell\Functions\Get-SoftwareReport.ps1: line 1504
                        at <ScriptBlock>, C:\Users\Userqwerty\PowerShell\Functions\Get-SoftwareReport.ps1: line 1512
PipelineIterationInfo : {}

PSMessageDetails      : 
Exception             : System.Management.Automation.RuntimeException: You cannot call a method on a null-valued expression.
                           at CallSite.Target(Closure , CallSite , Object , Object )
                           at <ScriptBlock>(Closure , FunctionContext )
TargetObject          : 
CategoryInfo          : InvalidOperation: (:) [], RuntimeException
FullyQualifiedErrorId : InvokeMethodOnNull
ErrorDetails          : 
InvocationInfo        : System.Management.Automation.InvocationInfo
ScriptStackTrace      : at <ScriptBlock>, C:\Users\Userqwerty\PowerShell\Functions\Get-SoftwareReport.ps1: line 97
                        at Global:Load-ListBoxItems, C:\Users\Userqwerty\PowerShell\Functions\Get-SoftwareReport.ps1: line 94
                        at <ScriptBlock>, C:\Users\Userqwerty\PowerShell\Functions\Get-SoftwareReport.ps1: line 639
                        at Update-JobTracker, C:\Users\Userqwerty\PowerShell\Functions\Get-SoftwareReport.ps1: line 838
                        at <ScriptBlock>, C:\Users\Userqwerty\PowerShell\Functions\Get-SoftwareReport.ps1: line 885
                        at Call-Get-SoftwareReport2_0_11a_pff, C:\Users\Userqwerty\PowerShell\Functions\Get-SoftwareReport.ps1: line 1504
                        at <ScriptBlock>, C:\Users\Userqwerty\PowerShell\Functions\Get-SoftwareReport.ps1: line 1512
PipelineIterationInfo : {}

PSMessageDetails      : 
Exception             : System.Management.Automation.RuntimeException: You cannot call a method on a null-valued expression.
                           at CallSite.Target(Closure , CallSite , Object , Object )
                           at <ScriptBlock>(Closure , FunctionContext )
TargetObject          : 
CategoryInfo          : InvalidOperation: (:) [], RuntimeException
FullyQualifiedErrorId : InvokeMethodOnNull
ErrorDetails          : 
InvocationInfo        : System.Management.Automation.InvocationInfo
ScriptStackTrace      : at <ScriptBlock>, C:\Users\Userqwerty\PowerShell\Functions\Get-SoftwareReport.ps1: line 97
                        at Global:Load-ListBoxItems, C:\Users\Userqwerty\PowerShell\Functions\Get-SoftwareReport.ps1: line 94
                        at <ScriptBlock>, C:\Users\Userqwerty\PowerShell\Functions\Get-SoftwareReport.ps1: line 639
                        at Update-JobTracker, C:\Users\Userqwerty\PowerShell\Functions\Get-SoftwareReport.ps1: line 838
                        at <ScriptBlock>, C:\Users\Userqwerty\PowerShell\Functions\Get-SoftwareReport.ps1: line 885
                        at Call-Get-SoftwareReport2_0_11a_pff, C:\Users\Userqwerty\PowerShell\Functions\Get-SoftwareReport.ps1: line 1504
                        at <ScriptBlock>, C:\Users\Userqwerty\PowerShell\Functions\Get-SoftwareReport.ps1: line 1512
PipelineIterationInfo : {}

PSMessageDetails      : 
Exception             : System.Management.Automation.RuntimeException: You cannot call a method on a null-valued expression.
                           at CallSite.Target(Closure , CallSite , Object , Object )
                           at <ScriptBlock>(Closure , FunctionContext )
TargetObject          : 
CategoryInfo          : InvalidOperation: (:) [], RuntimeException
FullyQualifiedErrorId : InvokeMethodOnNull
ErrorDetails          : 
InvocationInfo        : System.Management.Automation.InvocationInfo
ScriptStackTrace      : at <ScriptBlock>, C:\Users\Userqwerty\PowerShell\Functions\Get-SoftwareReport.ps1: line 97
                        at Global:Load-ListBoxItems, C:\Users\Userqwerty\PowerShell\Functions\Get-SoftwareReport.ps1: line 94
                        at <ScriptBlock>, C:\Users\Userqwerty\PowerShell\Functions\Get-SoftwareReport.ps1: line 639
                        at Update-JobTracker, C:\Users\Userqwerty\PowerShell\Functions\Get-SoftwareReport.ps1: line 838
                        at <ScriptBlock>, C:\Users\Userqwerty\PowerShell\Functions\Get-SoftwareReport.ps1: line 885
                        at Call-Get-SoftwareReport2_0_11a_pff, C:\Users\Userqwerty\PowerShell\Functions\Get-SoftwareReport.ps1: line 1504
                        at <ScriptBlock>, C:\Users\Userqwerty\PowerShell\Functions\Get-SoftwareReport.ps1: line 1512
PipelineIterationInfo : {}

PSMessageDetails      : 
Exception             : System.Management.Automation.RuntimeException: You cannot call a method on a null-valued expression.
                           at CallSite.Target(Closure , CallSite , Object , Object )
                           at <ScriptBlock>(Closure , FunctionContext )
TargetObject          : 
CategoryInfo          : InvalidOperation: (:) [], RuntimeException
FullyQualifiedErrorId : InvokeMethodOnNull
ErrorDetails          : 
InvocationInfo        : System.Management.Automation.InvocationInfo
ScriptStackTrace      : at <ScriptBlock>, C:\Users\Userqwerty\PowerShell\Functions\Get-SoftwareReport.ps1: line 97
                        at Global:Load-ListBoxItems, C:\Users\Userqwerty\PowerShell\Functions\Get-SoftwareReport.ps1: line 94
                        at <ScriptBlock>, C:\Users\Userqwerty\PowerShell\Functions\Get-SoftwareReport.ps1: line 639
                        at Update-JobTracker, C:\Users\Userqwerty\PowerShell\Functions\Get-SoftwareReport.ps1: line 838
                        at <ScriptBlock>, C:\Users\Userqwerty\PowerShell\Functions\Get-SoftwareReport.ps1: line 885
                        at Call-Get-SoftwareReport2_0_11a_pff, C:\Users\Userqwerty\PowerShell\Functions\Get-SoftwareReport.ps1: line 1504
                        at <ScriptBlock>, C:\Users\Userqwerty\PowerShell\Functions\Get-SoftwareReport.ps1: line 1512
PipelineIterationInfo : {}

PSMessageDetails      : 
Exception             : System.Management.Automation.RuntimeException: You cannot call a method on a null-valued expression.
                           at CallSite.Target(Closure , CallSite , Object , Object )
                           at <ScriptBlock>(Closure , FunctionContext )
TargetObject          : 
CategoryInfo          : InvalidOperation: (:) [], RuntimeException
FullyQualifiedErrorId : InvokeMethodOnNull
ErrorDetails          : 
InvocationInfo        : System.Management.Automation.InvocationInfo
ScriptStackTrace      : at <ScriptBlock>, C:\Users\Userqwerty\PowerShell\Functions\Get-SoftwareReport.ps1: line 97
                        at Global:Load-ListBoxItems, C:\Users\Userqwerty\PowerShell\Functions\Get-SoftwareReport.ps1: line 94
                        at <ScriptBlock>, C:\Users\Userqwerty\PowerShell\Functions\Get-SoftwareReport.ps1: line 639
                        at Update-JobTracker, C:\Users\Userqwerty\PowerShell\Functions\Get-SoftwareReport.ps1: line 838
                        at <ScriptBlock>, C:\Users\Userqwerty\PowerShell\Functions\Get-SoftwareReport.ps1: line 885
                        at Call-Get-SoftwareReport2_0_11a_pff, C:\Users\Userqwerty\PowerShell\Functions\Get-SoftwareReport.ps1: line 1504
                        at <ScriptBlock>, C:\Users\Userqwerty\PowerShell\Functions\Get-SoftwareReport.ps1: line 1512
PipelineIterationInfo : {}

PSMessageDetails      : 
Exception             : System.Management.Automation.RuntimeException: You cannot call a method on a null-valued expression.
                           at CallSite.Target(Closure , CallSite , Object , Object )
                           at <ScriptBlock>(Closure , FunctionContext )
TargetObject          : 
CategoryInfo          : InvalidOperation: (:) [], RuntimeException
FullyQualifiedErrorId : InvokeMethodOnNull
ErrorDetails          : 
InvocationInfo        : System.Management.Automation.InvocationInfo
ScriptStackTrace      : at <ScriptBlock>, C:\Users\Userqwerty\PowerShell\Functions\Get-SoftwareReport.ps1: line 97
                        at Global:Load-ListBoxItems, C:\Users\Userqwerty\PowerShell\Functions\Get-SoftwareReport.ps1: line 94
                        at <ScriptBlock>, C:\Users\Userqwerty\PowerShell\Functions\Get-SoftwareReport.ps1: line 639
                        at Update-JobTracker, C:\Users\Userqwerty\PowerShell\Functions\Get-SoftwareReport.ps1: line 838
                        at <ScriptBlock>, C:\Users\Userqwerty\PowerShell\Functions\Get-SoftwareReport.ps1: line 885
                        at Call-Get-SoftwareReport2_0_11a_pff, C:\Users\Userqwerty\PowerShell\Functions\Get-SoftwareReport.ps1: line 1504
                        at <ScriptBlock>, C:\Users\Userqwerty\PowerShell\Functions\Get-SoftwareReport.ps1: line 1512
PipelineIterationInfo : {}

PSMessageDetails      : 
Exception             : System.Management.Automation.RuntimeException: You cannot call a method on a null-valued expression.
                           at CallSite.Target(Closure , CallSite , Object , Object )
                           at <ScriptBlock>(Closure , FunctionContext )
TargetObject          : 
CategoryInfo          : InvalidOperation: (:) [], RuntimeException
FullyQualifiedErrorId : InvokeMethodOnNull
ErrorDetails          : 
InvocationInfo        : System.Management.Automation.InvocationInfo
ScriptStackTrace      : at <ScriptBlock>, C:\Users\Userqwerty\PowerShell\Functions\Get-SoftwareReport.ps1: line 97
                        at Global:Load-ListBoxItems, C:\Users\Userqwerty\PowerShell\Functions\Get-SoftwareReport.ps1: line 94
                        at <ScriptBlock>, C:\Users\Userqwerty\PowerShell\Functions\Get-SoftwareReport.ps1: line 639
                        at Update-JobTracker, C:\Users\Userqwerty\PowerShell\Functions\Get-SoftwareReport.ps1: line 838
                        at <ScriptBlock>, C:\Users\Userqwerty\PowerShell\Functions\Get-SoftwareReport.ps1: line 885
                        at Call-Get-SoftwareReport2_0_11a_pff, C:\Users\Userqwerty\PowerShell\Functions\Get-SoftwareReport.ps1: line 1504
                        at <ScriptBlock>, C:\Users\Userqwerty\PowerShell\Functions\Get-SoftwareReport.ps1: line 1512
PipelineIterationInfo : {}

PSMessageDetails      : 
Exception             : System.Management.Automation.RuntimeException: You cannot call a method on a null-valued expression.
                           at CallSite.Target(Closure , CallSite , Object , Object )
                           at <ScriptBlock>(Closure , FunctionContext )
TargetObject          : 
CategoryInfo          : InvalidOperation: (:) [], RuntimeException
FullyQualifiedErrorId : InvokeMethodOnNull
ErrorDetails          : 
InvocationInfo        : System.Management.Automation.InvocationInfo
ScriptStackTrace      : at <ScriptBlock>, C:\Users\Userqwerty\PowerShell\Functions\Get-SoftwareReport.ps1: line 97
                        at Global:Load-ListBoxItems, C:\Users\Userqwerty\PowerShell\Functions\Get-SoftwareReport.ps1: line 94
                        at <ScriptBlock>, C:\Users\Userqwerty\PowerShell\Functions\Get-SoftwareReport.ps1: line 639
                        at Update-JobTracker, C:\Users\Userqwerty\PowerShell\Functions\Get-SoftwareReport.ps1: line 838
                        at <ScriptBlock>, C:\Users\Userqwerty\PowerShell\Functions\Get-SoftwareReport.ps1: line 885
                        at Call-Get-SoftwareReport2_0_11a_pff, C:\Users\Userqwerty\PowerShell\Functions\Get-SoftwareReport.ps1: line 1504
                        at <ScriptBlock>, C:\Users\Userqwerty\PowerShell\Functions\Get-SoftwareReport.ps1: line 1512
PipelineIterationInfo : {}

PSMessageDetails      : 
Exception             : System.Management.Automation.RuntimeException: You cannot call a method on a null-valued expression.
                           at CallSite.Target(Closure , CallSite , Object , Object )
                           at <ScriptBlock>(Closure , FunctionContext )
TargetObject          : 
CategoryInfo          : InvalidOperation: (:) [], RuntimeException
FullyQualifiedErrorId : InvokeMethodOnNull
ErrorDetails          : 
InvocationInfo        : System.Management.Automation.InvocationInfo
ScriptStackTrace      : at <ScriptBlock>, C:\Users\Userqwerty\PowerShell\Functions\Get-SoftwareReport.ps1: line 97
                        at Global:Load-ListBoxItems, C:\Users\Userqwerty\PowerShell\Functions\Get-SoftwareReport.ps1: line 94
                        at <ScriptBlock>, C:\Users\Userqwerty\PowerShell\Functions\Get-SoftwareReport.ps1: line 639
                        at Update-JobTracker, C:\Users\Userqwerty\PowerShell\Functions\Get-SoftwareReport.ps1: line 838
                        at <ScriptBlock>, C:\Users\Userqwerty\PowerShell\Functions\Get-SoftwareReport.ps1: line 885
                        at Call-Get-SoftwareReport2_0_11a_pff, C:\Users\Userqwerty\PowerShell\Functions\Get-SoftwareReport.ps1: line 1504
                        at <ScriptBlock>, C:\Users\Userqwerty\PowerShell\Functions\Get-SoftwareReport.ps1: line 1512
PipelineIterationInfo : {}

PSMessageDetails      : 
Exception             : System.Management.Automation.RuntimeException: You cannot call a method on a null-valued expression.
                           at CallSite.Target(Closure , CallSite , Object , Object )
                           at <ScriptBlock>(Closure , FunctionContext )
TargetObject          : 
CategoryInfo          : InvalidOperation: (:) [], RuntimeException
FullyQualifiedErrorId : InvokeMethodOnNull
ErrorDetails          : 
InvocationInfo        : System.Management.Automation.InvocationInfo
ScriptStackTrace      : at <ScriptBlock>, C:\Users\Userqwerty\PowerShell\Functions\Get-SoftwareReport.ps1: line 97
                        at Global:Load-ListBoxItems, C:\Users\Userqwerty\PowerShell\Functions\Get-SoftwareReport.ps1: line 94
                        at <ScriptBlock>, C:\Users\Userqwerty\PowerShell\Functions\Get-SoftwareReport.ps1: line 639
                        at Update-JobTracker, C:\Users\Userqwerty\PowerShell\Functions\Get-SoftwareReport.ps1: line 838
                        at <ScriptBlock>, C:\Users\Userqwerty\PowerShell\Functions\Get-SoftwareReport.ps1: line 885
                        at Call-Get-SoftwareReport2_0_11a_pff, C:\Users\Userqwerty\PowerShell\Functions\Get-SoftwareReport.ps1: line 1504
                        at <ScriptBlock>, C:\Users\Userqwerty\PowerShell\Functions\Get-SoftwareReport.ps1: line 1512
PipelineIterationInfo : {}

PSMessageDetails      : 
Exception             : System.Management.Automation.RuntimeException: You cannot call a method on a null-valued expression.
                           at CallSite.Target(Closure , CallSite , Object , Object )
                           at <ScriptBlock>(Closure , FunctionContext )
TargetObject          : 
CategoryInfo          : InvalidOperation: (:) [], RuntimeException
FullyQualifiedErrorId : InvokeMethodOnNull
ErrorDetails          : 
InvocationInfo        : System.Management.Automation.InvocationInfo
ScriptStackTrace      : at <ScriptBlock>, C:\Users\Userqwerty\PowerShell\Functions\Get-SoftwareReport.ps1: line 97
                        at Global:Load-ListBoxItems, C:\Users\Userqwerty\PowerShell\Functions\Get-SoftwareReport.ps1: line 94
                        at <ScriptBlock>, C:\Users\Userqwerty\PowerShell\Functions\Get-SoftwareReport.ps1: line 639
                        at Update-JobTracker, C:\Users\Userqwerty\PowerShell\Functions\Get-SoftwareReport.ps1: line 838
                        at <ScriptBlock>, C:\Users\Userqwerty\PowerShell\Functions\Get-SoftwareReport.ps1: line 885
                        at Call-Get-SoftwareReport2_0_11a_pff, C:\Users\Userqwerty\PowerShell\Functions\Get-SoftwareReport.ps1: line 1504
                        at <ScriptBlock>, C:\Users\Userqwerty\PowerShell\Functions\Get-SoftwareReport.ps1: line 1512
PipelineIterationInfo : {}

PSMessageDetails      : 
Exception             : System.Management.Automation.RuntimeException: You cannot call a method on a null-valued expression.
                           at CallSite.Target(Closure , CallSite , Object , Object )
                           at <ScriptBlock>(Closure , FunctionContext )
TargetObject          : 
CategoryInfo          : InvalidOperation: (:) [], RuntimeException
FullyQualifiedErrorId : InvokeMethodOnNull
ErrorDetails          : 
InvocationInfo        : System.Management.Automation.InvocationInfo
ScriptStackTrace      : at <ScriptBlock>, C:\Users\Userqwerty\PowerShell\Functions\Get-SoftwareReport.ps1: line 97
                        at Global:Load-ListBoxItems, C:\Users\Userqwerty\PowerShell\Functions\Get-SoftwareReport.ps1: line 94
                        at <ScriptBlock>, C:\Users\Userqwerty\PowerShell\Functions\Get-SoftwareReport.ps1: line 639
                        at Update-JobTracker, C:\Users\Userqwerty\PowerShell\Functions\Get-SoftwareReport.ps1: line 838
                        at <ScriptBlock>, C:\Users\Userqwerty\PowerShell\Functions\Get-SoftwareReport.ps1: line 885
                        at Call-Get-SoftwareReport2_0_11a_pff, C:\Users\Userqwerty\PowerShell\Functions\Get-SoftwareReport.ps1: line 1504
                        at <ScriptBlock>, C:\Users\Userqwerty\PowerShell\Functions\Get-SoftwareReport.ps1: line 1512
PipelineIterationInfo : {}

PSMessageDetails      : 
Exception             : System.Management.Automation.RuntimeException: You cannot call a method on a null-valued expression.
                           at CallSite.Target(Closure , CallSite , Object , Object )
                           at <ScriptBlock>(Closure , FunctionContext )
TargetObject          : 
CategoryInfo          : InvalidOperation: (:) [], RuntimeException
FullyQualifiedErrorId : InvokeMethodOnNull
ErrorDetails          : 
InvocationInfo        : System.Management.Automation.InvocationInfo
ScriptStackTrace      : at <ScriptBlock>, C:\Users\Userqwerty\PowerShell\Functions\Get-SoftwareReport.ps1: line 97
                        at Global:Load-ListBoxItems, C:\Users\Userqwerty\PowerShell\Functions\Get-SoftwareReport.ps1: line 94
                        at <ScriptBlock>, C:\Users\Userqwerty\PowerShell\Functions\Get-SoftwareReport.ps1: line 639
                        at Update-JobTracker, C:\Users\Userqwerty\PowerShell\Functions\Get-SoftwareReport.ps1: line 838
                        at <ScriptBlock>, C:\Users\Userqwerty\PowerShell\Functions\Get-SoftwareReport.ps1: line 885
                        at Call-Get-SoftwareReport2_0_11a_pff, C:\Users\Userqwerty\PowerShell\Functions\Get-SoftwareReport.ps1: line 1504
                        at <ScriptBlock>, C:\Users\Userqwerty\PowerShell\Functions\Get-SoftwareReport.ps1: line 1512
PipelineIterationInfo : {}

PSMessageDetails      : 
Exception             : System.Management.Automation.RuntimeException: You cannot call a method on a null-valued expression.
                           at CallSite.Target(Closure , CallSite , Object , Object )
                           at <ScriptBlock>(Closure , FunctionContext )
TargetObject          : 
CategoryInfo          : InvalidOperation: (:) [], RuntimeException
FullyQualifiedErrorId : InvokeMethodOnNull
ErrorDetails          : 
InvocationInfo        : System.Management.Automation.InvocationInfo
ScriptStackTrace      : at <ScriptBlock>, C:\Users\Userqwerty\PowerShell\Functions\Get-SoftwareReport.ps1: line 97
                        at Global:Load-ListBoxItems, C:\Users\Userqwerty\PowerShell\Functions\Get-SoftwareReport.ps1: line 94
                        at <ScriptBlock>, C:\Users\Userqwerty\PowerShell\Functions\Get-SoftwareReport.ps1: line 639
                        at Update-JobTracker, C:\Users\Userqwerty\PowerShell\Functions\Get-SoftwareReport.ps1: line 838
                        at <ScriptBlock>, C:\Users\Userqwerty\PowerShell\Functions\Get-SoftwareReport.ps1: line 885
                        at Call-Get-SoftwareReport2_0_11a_pff, C:\Users\Userqwerty\PowerShell\Functions\Get-SoftwareReport.ps1: line 1504
                        at <ScriptBlock>, C:\Users\Userqwerty\PowerShell\Functions\Get-SoftwareReport.ps1: line 1512
PipelineIterationInfo : {}

PSMessageDetails      : 
Exception             : System.Management.Automation.RuntimeException: You cannot call a method on a null-valued expression.
                           at CallSite.Target(Closure , CallSite , Object , Object )
                           at <ScriptBlock>(Closure , FunctionContext )
TargetObject          : 
CategoryInfo          : InvalidOperation: (:) [], RuntimeException
FullyQualifiedErrorId : InvokeMethodOnNull
ErrorDetails          : 
InvocationInfo        : System.Management.Automation.InvocationInfo
ScriptStackTrace      : at <ScriptBlock>, C:\Users\Userqwerty\PowerShell\Functions\Get-SoftwareReport.ps1: line 97
                        at Global:Load-ListBoxItems, C:\Users\Userqwerty\PowerShell\Functions\Get-SoftwareReport.ps1: line 94
                        at <ScriptBlock>, C:\Users\Userqwerty\PowerShell\Functions\Get-SoftwareReport.ps1: line 639
                        at Update-JobTracker, C:\Users\Userqwerty\PowerShell\Functions\Get-SoftwareReport.ps1: line 838
                        at <ScriptBlock>, C:\Users\Userqwerty\PowerShell\Functions\Get-SoftwareReport.ps1: line 885
                        at Call-Get-SoftwareReport2_0_11a_pff, C:\Users\Userqwerty\PowerShell\Functions\Get-SoftwareReport.ps1: line 1504
                        at <ScriptBlock>, C:\Users\Userqwerty\PowerShell\Functions\Get-SoftwareReport.ps1: line 1512
PipelineIterationInfo : {}

PSMessageDetails      : 
Exception             : System.Management.Automation.RuntimeException: You cannot call a method on a null-valued expression.
                           at CallSite.Target(Closure , CallSite , Object , Object )
                           at <ScriptBlock>(Closure , FunctionContext )
TargetObject          : 
CategoryInfo          : InvalidOperation: (:) [], RuntimeException
FullyQualifiedErrorId : InvokeMethodOnNull
ErrorDetails          : 
InvocationInfo        : System.Management.Automation.InvocationInfo
ScriptStackTrace      : at <ScriptBlock>, C:\Users\Userqwerty\PowerShell\Functions\Get-SoftwareReport.ps1: line 97
                        at Global:Load-ListBoxItems, C:\Users\Userqwerty\PowerShell\Functions\Get-SoftwareReport.ps1: line 94
                        at <ScriptBlock>, C:\Users\Userqwerty\PowerShell\Functions\Get-SoftwareReport.ps1: line 639
                        at Update-JobTracker, C:\Users\Userqwerty\PowerShell\Functions\Get-SoftwareReport.ps1: line 838
                        at <ScriptBlock>, C:\Users\Userqwerty\PowerShell\Functions\Get-SoftwareReport.ps1: line 885
                        at Call-Get-SoftwareReport2_0_11a_pff, C:\Users\Userqwerty\PowerShell\Functions\Get-SoftwareReport.ps1: line 1504
                        at <ScriptBlock>, C:\Users\Userqwerty\PowerShell\Functions\Get-SoftwareReport.ps1: line 1512
PipelineIterationInfo : {}

PSMessageDetails      : 
Exception             : System.Management.Automation.RuntimeException: You cannot call a method on a null-valued expression.
                           at CallSite.Target(Closure , CallSite , Object , Object )
                           at <ScriptBlock>(Closure , FunctionContext )
TargetObject          : 
CategoryInfo          : InvalidOperation: (:) [], RuntimeException
FullyQualifiedErrorId : InvokeMethodOnNull
ErrorDetails          : 
InvocationInfo        : System.Management.Automation.InvocationInfo
ScriptStackTrace      : at <ScriptBlock>, C:\Users\Userqwerty\PowerShell\Functions\Get-SoftwareReport.ps1: line 97
                        at Global:Load-ListBoxItems, C:\Users\Userqwerty\PowerShell\Functions\Get-SoftwareReport.ps1: line 94
                        at <ScriptBlock>, C:\Users\Userqwerty\PowerShell\Functions\Get-SoftwareReport.ps1: line 639
                        at Update-JobTracker, C:\Users\Userqwerty\PowerShell\Functions\Get-SoftwareReport.ps1: line 838
                        at <ScriptBlock>, C:\Users\Userqwerty\PowerShell\Functions\Get-SoftwareReport.ps1: line 885
                        at Call-Get-SoftwareReport2_0_11a_pff, C:\Users\Userqwerty\PowerShell\Functions\Get-SoftwareReport.ps1: line 1504
                        at <ScriptBlock>, C:\Users\Userqwerty\PowerShell\Functions\Get-SoftwareReport.ps1: line 1512
PipelineIterationInfo : {}

PSMessageDetails      : 
Exception             : System.Management.Automation.RuntimeException: You cannot call a method on a null-valued expression.
                           at CallSite.Target(Closure , CallSite , Object , Object )
                           at <ScriptBlock>(Closure , FunctionContext )
TargetObject          : 
CategoryInfo          : InvalidOperation: (:) [], RuntimeException
FullyQualifiedErrorId : InvokeMethodOnNull
ErrorDetails          : 
InvocationInfo        : System.Management.Automation.InvocationInfo
ScriptStackTrace      : at <ScriptBlock>, C:\Users\Userqwerty\PowerShell\Functions\Get-SoftwareReport.ps1: line 97
                        at Global:Load-ListBoxItems, C:\Users\Userqwerty\PowerShell\Functions\Get-SoftwareReport.ps1: line 94
                        at <ScriptBlock>, C:\Users\Userqwerty\PowerShell\Functions\Get-SoftwareReport.ps1: line 639
                        at Update-JobTracker, C:\Users\Userqwerty\PowerShell\Functions\Get-SoftwareReport.ps1: line 838
                        at <ScriptBlock>, C:\Users\Userqwerty\PowerShell\Functions\Get-SoftwareReport.ps1: line 885
                        at Call-Get-SoftwareReport2_0_11a_pff, C:\Users\Userqwerty\PowerShell\Functions\Get-SoftwareReport.ps1: line 1504
                        at <ScriptBlock>, C:\Users\Userqwerty\PowerShell\Functions\Get-SoftwareReport.ps1: line 1512
PipelineIterationInfo : {}

PSMessageDetails      : 
Exception             : System.Management.Automation.RuntimeException: You cannot call a method on a null-valued expression.
                           at CallSite.Target(Closure , CallSite , Object , Object )
                           at <ScriptBlock>(Closure , FunctionContext )
TargetObject          : 
CategoryInfo          : InvalidOperation: (:) [], RuntimeException
FullyQualifiedErrorId : InvokeMethodOnNull
ErrorDetails          : 
InvocationInfo        : System.Management.Automation.InvocationInfo
ScriptStackTrace      : at <ScriptBlock>, C:\Users\Userqwerty\PowerShell\Functions\Get-SoftwareReport.ps1: line 97
                        at Global:Load-ListBoxItems, C:\Users\Userqwerty\PowerShell\Functions\Get-SoftwareReport.ps1: line 94
                        at <ScriptBlock>, C:\Users\Userqwerty\PowerShell\Functions\Get-SoftwareReport.ps1: line 639
                        at Update-JobTracker, C:\Users\Userqwerty\PowerShell\Functions\Get-SoftwareReport.ps1: line 838
                        at <ScriptBlock>, C:\Users\Userqwerty\PowerShell\Functions\Get-SoftwareReport.ps1: line 885
                        at Call-Get-SoftwareReport2_0_11a_pff, C:\Users\Userqwerty\PowerShell\Functions\Get-SoftwareReport.ps1: line 1504
                        at <ScriptBlock>, C:\Users\Userqwerty\PowerShell\Functions\Get-SoftwareReport.ps1: line 1512
PipelineIterationInfo : {}

PSMessageDetails      : 
Exception             : System.Management.Automation.RuntimeException: You cannot call a method on a null-valued expression.
                           at CallSite.Target(Closure , CallSite , Object , Object )
                           at <ScriptBlock>(Closure , FunctionContext )
TargetObject          : 
CategoryInfo          : InvalidOperation: (:) [], RuntimeException
FullyQualifiedErrorId : InvokeMethodOnNull
ErrorDetails          : 
InvocationInfo        : System.Management.Automation.InvocationInfo
ScriptStackTrace      : at <ScriptBlock>, C:\Users\Userqwerty\PowerShell\Functions\Get-SoftwareReport.ps1: line 97
                        at Global:Load-ListBoxItems, C:\Users\Userqwerty\PowerShell\Functions\Get-SoftwareReport.ps1: line 94
                        at <ScriptBlock>, C:\Users\Userqwerty\PowerShell\Functions\Get-SoftwareReport.ps1: line 639
                        at Update-JobTracker, C:\Users\Userqwerty\PowerShell\Functions\Get-SoftwareReport.ps1: line 838
                        at <ScriptBlock>, C:\Users\Userqwerty\PowerShell\Functions\Get-SoftwareReport.ps1: line 885
                        at Call-Get-SoftwareReport2_0_11a_pff, C:\Users\Userqwerty\PowerShell\Functions\Get-SoftwareReport.ps1: line 1504
                        at <ScriptBlock>, C:\Users\Userqwerty\PowerShell\Functions\Get-SoftwareReport.ps1: line 1512
PipelineIterationInfo : {}

PSMessageDetails      : 
Exception             : System.Management.Automation.RuntimeException: You cannot call a method on a null-valued expression.
                           at CallSite.Target(Closure , CallSite , Object , Object )
                           at <ScriptBlock>(Closure , FunctionContext )
TargetObject          : 
CategoryInfo          : InvalidOperation: (:) [], RuntimeException
FullyQualifiedErrorId : InvokeMethodOnNull
ErrorDetails          : 
InvocationInfo        : System.Management.Automation.InvocationInfo
ScriptStackTrace      : at <ScriptBlock>, C:\Users\Userqwerty\PowerShell\Functions\Get-SoftwareReport.ps1: line 97
                        at Global:Load-ListBoxItems, C:\Users\Userqwerty\PowerShell\Functions\Get-SoftwareReport.ps1: line 94
                        at <ScriptBlock>, C:\Users\Userqwerty\PowerShell\Functions\Get-SoftwareReport.ps1: line 639
                        at Update-JobTracker, C:\Users\Userqwerty\PowerShell\Functions\Get-SoftwareReport.ps1: line 838
                        at <ScriptBlock>, C:\Users\Userqwerty\PowerShell\Functions\Get-SoftwareReport.ps1: line 885
                        at Call-Get-SoftwareReport2_0_11a_pff, C:\Users\Userqwerty\PowerShell\Functions\Get-SoftwareReport.ps1: line 1504
                        at <ScriptBlock>, C:\Users\Userqwerty\PowerShell\Functions\Get-SoftwareReport.ps1: line 1512
PipelineIterationInfo : {}

PSMessageDetails      : 
Exception             : System.Management.Automation.RuntimeException: You cannot call a method on a null-valued expression.
                           at CallSite.Target(Closure , CallSite , Object , Object )
                           at <ScriptBlock>(Closure , FunctionContext )
TargetObject          : 
CategoryInfo          : InvalidOperation: (:) [], RuntimeException
FullyQualifiedErrorId : InvokeMethodOnNull
ErrorDetails          : 
InvocationInfo        : System.Management.Automation.InvocationInfo
ScriptStackTrace      : at <ScriptBlock>, C:\Users\Userqwerty\PowerShell\Functions\Get-SoftwareReport.ps1: line 97
                        at Global:Load-ListBoxItems, C:\Users\Userqwerty\PowerShell\Functions\Get-SoftwareReport.ps1: line 94
                        at <ScriptBlock>, C:\Users\Userqwerty\PowerShell\Functions\Get-SoftwareReport.ps1: line 639
                        at Update-JobTracker, C:\Users\Userqwerty\PowerShell\Functions\Get-SoftwareReport.ps1: line 838
                        at <ScriptBlock>, C:\Users\Userqwerty\PowerShell\Functions\Get-SoftwareReport.ps1: line 885
                        at Call-Get-SoftwareReport2_0_11a_pff, C:\Users\Userqwerty\PowerShell\Functions\Get-SoftwareReport.ps1: line 1504
                        at <ScriptBlock>, C:\Users\Userqwerty\PowerShell\Functions\Get-SoftwareReport.ps1: line 1512
PipelineIterationInfo : {}

PSMessageDetails      : 
Exception             : System.Management.Automation.RuntimeException: You cannot call a method on a null-valued expression.
                           at CallSite.Target(Closure , CallSite , Object , Object )
                           at <ScriptBlock>(Closure , FunctionContext )
TargetObject          : 
CategoryInfo          : InvalidOperation: (:) [], RuntimeException
FullyQualifiedErrorId : InvokeMethodOnNull
ErrorDetails          : 
InvocationInfo        : System.Management.Automation.InvocationInfo
ScriptStackTrace      : at <ScriptBlock>, C:\Users\Userqwerty\PowerShell\Functions\Get-SoftwareReport.ps1: line 97
                        at Global:Load-ListBoxItems, C:\Users\Userqwerty\PowerShell\Functions\Get-SoftwareReport.ps1: line 94
                        at <ScriptBlock>, C:\Users\Userqwerty\PowerShell\Functions\Get-SoftwareReport.ps1: line 639
                        at Update-JobTracker, C:\Users\Userqwerty\PowerShell\Functions\Get-SoftwareReport.ps1: line 838
                        at <ScriptBlock>, C:\Users\Userqwerty\PowerShell\Functions\Get-SoftwareReport.ps1: line 885
                        at Call-Get-SoftwareReport2_0_11a_pff, C:\Users\Userqwerty\PowerShell\Functions\Get-SoftwareReport.ps1: line 1504
                        at <ScriptBlock>, C:\Users\Userqwerty\PowerShell\Functions\Get-SoftwareReport.ps1: line 1512
PipelineIterationInfo : {}

PSMessageDetails      : 
Exception             : System.Management.Automation.RuntimeException: You cannot call a method on a null-valued expression.
                           at CallSite.Target(Closure , CallSite , Object , Object )
                           at <ScriptBlock>(Closure , FunctionContext )
TargetObject          : 
CategoryInfo          : InvalidOperation: (:) [], RuntimeException
FullyQualifiedErrorId : InvokeMethodOnNull
ErrorDetails          : 
InvocationInfo        : System.Management.Automation.InvocationInfo
ScriptStackTrace      : at <ScriptBlock>, C:\Users\Userqwerty\PowerShell\Functions\Get-SoftwareReport.ps1: line 97
                        at Global:Load-ListBoxItems, C:\Users\Userqwerty\PowerShell\Functions\Get-SoftwareReport.ps1: line 94
                        at <ScriptBlock>, C:\Users\Userqwerty\PowerShell\Functions\Get-SoftwareReport.ps1: line 639
                        at Update-JobTracker, C:\Users\Userqwerty\PowerShell\Functions\Get-SoftwareReport.ps1: line 838
                        at <ScriptBlock>, C:\Users\Userqwerty\PowerShell\Functions\Get-SoftwareReport.ps1: line 885
                        at Call-Get-SoftwareReport2_0_11a_pff, C:\Users\Userqwerty\PowerShell\Functions\Get-SoftwareReport.ps1: line 1504
                        at <ScriptBlock>, C:\Users\Userqwerty\PowerShell\Functions\Get-SoftwareReport.ps1: line 1512
PipelineIterationInfo : {}

PSMessageDetails      : 
Exception             : System.Management.Automation.RuntimeException: You cannot call a method on a null-valued expression.
                           at CallSite.Target(Closure , CallSite , Object , Object )
                           at <ScriptBlock>(Closure , FunctionContext )
TargetObject          : 
CategoryInfo          : InvalidOperation: (:) [], RuntimeException
FullyQualifiedErrorId : InvokeMethodOnNull
ErrorDetails          : 
InvocationInfo        : System.Management.Automation.InvocationInfo
ScriptStackTrace      : at <ScriptBlock>, C:\Users\Userqwerty\PowerShell\Functions\Get-SoftwareReport.ps1: line 97
                        at Global:Load-ListBoxItems, C:\Users\Userqwerty\PowerShell\Functions\Get-SoftwareReport.ps1: line 94
                        at <ScriptBlock>, C:\Users\Userqwerty\PowerShell\Functions\Get-SoftwareReport.ps1: line 639
                        at Update-JobTracker, C:\Users\Userqwerty\PowerShell\Functions\Get-SoftwareReport.ps1: line 838
                        at <ScriptBlock>, C:\Users\Userqwerty\PowerShell\Functions\Get-SoftwareReport.ps1: line 885
                        at Call-Get-SoftwareReport2_0_11a_pff, C:\Users\Userqwerty\PowerShell\Functions\Get-SoftwareReport.ps1: line 1504
                        at <ScriptBlock>, C:\Users\Userqwerty\PowerShell\Functions\Get-SoftwareReport.ps1: line 1512
PipelineIterationInfo : {}

PSMessageDetails      : 
Exception             : System.Management.Automation.RuntimeException: You cannot call a method on a null-valued expression.
                           at CallSite.Target(Closure , CallSite , Object , Object )
                           at <ScriptBlock>(Closure , FunctionContext )
TargetObject          : 
CategoryInfo          : InvalidOperation: (:) [], RuntimeException
FullyQualifiedErrorId : InvokeMethodOnNull
ErrorDetails          : 
InvocationInfo        : System.Management.Automation.InvocationInfo
ScriptStackTrace      : at <ScriptBlock>, C:\Users\Userqwerty\PowerShell\Functions\Get-SoftwareReport.ps1: line 97
                        at Global:Load-ListBoxItems, C:\Users\Userqwerty\PowerShell\Functions\Get-SoftwareReport.ps1: line 94
                        at <ScriptBlock>, C:\Users\Userqwerty\PowerShell\Functions\Get-SoftwareReport.ps1: line 639
                        at Update-JobTracker, C:\Users\Userqwerty\PowerShell\Functions\Get-SoftwareReport.ps1: line 838
                        at <ScriptBlock>, C:\Users\Userqwerty\PowerShell\Functions\Get-SoftwareReport.ps1: line 885
                        at Call-Get-SoftwareReport2_0_11a_pff, C:\Users\Userqwerty\PowerShell\Functions\Get-SoftwareReport.ps1: line 1504
                        at <ScriptBlock>, C:\Users\Userqwerty\PowerShell\Functions\Get-SoftwareReport.ps1: line 1512
PipelineIterationInfo : {}

PSMessageDetails      : 
Exception             : System.Management.Automation.RuntimeException: You cannot call a method on a null-valued expression.
                           at CallSite.Target(Closure , CallSite , Object , Object )
                           at <ScriptBlock>(Closure , FunctionContext )
TargetObject          : 
CategoryInfo          : InvalidOperation: (:) [], RuntimeException
FullyQualifiedErrorId : InvokeMethodOnNull
ErrorDetails          : 
InvocationInfo        : System.Management.Automation.InvocationInfo
ScriptStackTrace      : at <ScriptBlock>, C:\Users\Userqwerty\PowerShell\Functions\Get-SoftwareReport.ps1: line 97
                        at Global:Load-ListBoxItems, C:\Users\Userqwerty\PowerShell\Functions\Get-SoftwareReport.ps1: line 94
                        at <ScriptBlock>, C:\Users\Userqwerty\PowerShell\Functions\Get-SoftwareReport.ps1: line 639
                        at Update-JobTracker, C:\Users\Userqwerty\PowerShell\Functions\Get-SoftwareReport.ps1: line 838
                        at <ScriptBlock>, C:\Users\Userqwerty\PowerShell\Functions\Get-SoftwareReport.ps1: line 885
                        at Call-Get-SoftwareReport2_0_11a_pff, C:\Users\Userqwerty\PowerShell\Functions\Get-SoftwareReport.ps1: line 1504
                        at <ScriptBlock>, C:\Users\Userqwerty\PowerShell\Functions\Get-SoftwareReport.ps1: line 1512
PipelineIterationInfo : {}

PSMessageDetails      : 
Exception             : System.Management.Automation.RuntimeException: You cannot call a method on a null-valued expression.
                           at CallSite.Target(Closure , CallSite , Object , Object )
                           at <ScriptBlock>(Closure , FunctionContext )
TargetObject          : 
CategoryInfo          : InvalidOperation: (:) [], RuntimeException
FullyQualifiedErrorId : InvokeMethodOnNull
ErrorDetails          : 
InvocationInfo        : System.Management.Automation.InvocationInfo
ScriptStackTrace      : at <ScriptBlock>, C:\Users\Userqwerty\PowerShell\Functions\Get-SoftwareReport.ps1: line 97
                        at Global:Load-ListBoxItems, C:\Users\Userqwerty\PowerShell\Functions\Get-SoftwareReport.ps1: line 94
                        at <ScriptBlock>, C:\Users\Userqwerty\PowerShell\Functions\Get-SoftwareReport.ps1: line 639
                        at Update-JobTracker, C:\Users\Userqwerty\PowerShell\Functions\Get-SoftwareReport.ps1: line 838
                        at <ScriptBlock>, C:\Users\Userqwerty\PowerShell\Functions\Get-SoftwareReport.ps1: line 885
                        at Call-Get-SoftwareReport2_0_11a_pff, C:\Users\Userqwerty\PowerShell\Functions\Get-SoftwareReport.ps1: line 1504
                        at <ScriptBlock>, C:\Users\Userqwerty\PowerShell\Functions\Get-SoftwareReport.ps1: line 1512
PipelineIterationInfo : {}

PSMessageDetails      : 
Exception             : System.Management.Automation.RuntimeException: You cannot call a method on a null-valued expression.
                           at CallSite.Target(Closure , CallSite , Object , Object )
                           at <ScriptBlock>(Closure , FunctionContext )
TargetObject          : 
CategoryInfo          : InvalidOperation: (:) [], RuntimeException
FullyQualifiedErrorId : InvokeMethodOnNull
ErrorDetails          : 
InvocationInfo        : System.Management.Automation.InvocationInfo
ScriptStackTrace      : at <ScriptBlock>, C:\Users\Userqwerty\PowerShell\Functions\Get-SoftwareReport.ps1: line 97
                        at Global:Load-ListBoxItems, C:\Users\Userqwerty\PowerShell\Functions\Get-SoftwareReport.ps1: line 94
                        at <ScriptBlock>, C:\Users\Userqwerty\PowerShell\Functions\Get-SoftwareReport.ps1: line 639
                        at Update-JobTracker, C:\Users\Userqwerty\PowerShell\Functions\Get-SoftwareReport.ps1: line 838
                        at <ScriptBlock>, C:\Users\Userqwerty\PowerShell\Functions\Get-SoftwareReport.ps1: line 885
                        at Call-Get-SoftwareReport2_0_11a_pff, C:\Users\Userqwerty\PowerShell\Functions\Get-SoftwareReport.ps1: line 1504
                        at <ScriptBlock>, C:\Users\Userqwerty\PowerShell\Functions\Get-SoftwareReport.ps1: line 1512
PipelineIterationInfo : {}

PSMessageDetails      : 
Exception             : System.Management.Automation.RuntimeException: You cannot call a method on a null-valued expression.
                           at CallSite.Target(Closure , CallSite , Object , Object )
                           at <ScriptBlock>(Closure , FunctionContext )
TargetObject          : 
CategoryInfo          : InvalidOperation: (:) [], RuntimeException
FullyQualifiedErrorId : InvokeMethodOnNull
ErrorDetails          : 
InvocationInfo        : System.Management.Automation.InvocationInfo
ScriptStackTrace      : at <ScriptBlock>, C:\Users\Userqwerty\PowerShell\Functions\Get-SoftwareReport.ps1: line 97
                        at Global:Load-ListBoxItems, C:\Users\Userqwerty\PowerShell\Functions\Get-SoftwareReport.ps1: line 94
                        at <ScriptBlock>, C:\Users\Userqwerty\PowerShell\Functions\Get-SoftwareReport.ps1: line 639
                        at Update-JobTracker, C:\Users\Userqwerty\PowerShell\Functions\Get-SoftwareReport.ps1: line 838
                        at <ScriptBlock>, C:\Users\Userqwerty\PowerShell\Functions\Get-SoftwareReport.ps1: line 885
                        at Call-Get-SoftwareReport2_0_11a_pff, C:\Users\Userqwerty\PowerShell\Functions\Get-SoftwareReport.ps1: line 1504
                        at <ScriptBlock>, C:\Users\Userqwerty\PowerShell\Functions\Get-SoftwareReport.ps1: line 1512
PipelineIterationInfo : {}

PSMessageDetails      : 
Exception             : System.Management.Automation.RuntimeException: You cannot call a method on a null-valued expression.
                           at CallSite.Target(Closure , CallSite , Object , Object )
                           at <ScriptBlock>(Closure , FunctionContext )
TargetObject          : 
CategoryInfo          : InvalidOperation: (:) [], RuntimeException
FullyQualifiedErrorId : InvokeMethodOnNull
ErrorDetails          : 
InvocationInfo        : System.Management.Automation.InvocationInfo
ScriptStackTrace      : at <ScriptBlock>, C:\Users\Userqwerty\PowerShell\Functions\Get-SoftwareReport.ps1: line 97
                        at Global:Load-ListBoxItems, C:\Users\Userqwerty\PowerShell\Functions\Get-SoftwareReport.ps1: line 94
                        at <ScriptBlock>, C:\Users\Userqwerty\PowerShell\Functions\Get-SoftwareReport.ps1: line 639
                        at Update-JobTracker, C:\Users\Userqwerty\PowerShell\Functions\Get-SoftwareReport.ps1: line 838
                        at <ScriptBlock>, C:\Users\Userqwerty\PowerShell\Functions\Get-SoftwareReport.ps1: line 885
                        at Call-Get-SoftwareReport2_0_11a_pff, C:\Users\Userqwerty\PowerShell\Functions\Get-SoftwareReport.ps1: line 1504
                        at <ScriptBlock>, C:\Users\Userqwerty\PowerShell\Functions\Get-SoftwareReport.ps1: line 1512
PipelineIterationInfo : {}

PSMessageDetails      : 
Exception             : System.Management.Automation.RuntimeException: You cannot call a method on a null-valued expression.
                           at CallSite.Target(Closure , CallSite , Object , Object )
                           at <ScriptBlock>(Closure , FunctionContext )
TargetObject          : 
CategoryInfo          : InvalidOperation: (:) [], RuntimeException
FullyQualifiedErrorId : InvokeMethodOnNull
ErrorDetails          : 
InvocationInfo        : System.Management.Automation.InvocationInfo
ScriptStackTrace      : at <ScriptBlock>, C:\Users\Userqwerty\PowerShell\Functions\Get-SoftwareReport.ps1: line 97
                        at Global:Load-ListBoxItems, C:\Users\Userqwerty\PowerShell\Functions\Get-SoftwareReport.ps1: line 94
                        at <ScriptBlock>, C:\Users\Userqwerty\PowerShell\Functions\Get-SoftwareReport.ps1: line 639
                        at Update-JobTracker, C:\Users\Userqwerty\PowerShell\Functions\Get-SoftwareReport.ps1: line 838
                        at <ScriptBlock>, C:\Users\Userqwerty\PowerShell\Functions\Get-SoftwareReport.ps1: line 885
                        at Call-Get-SoftwareReport2_0_11a_pff, C:\Users\Userqwerty\PowerShell\Functions\Get-SoftwareReport.ps1: line 1504
                        at <ScriptBlock>, C:\Users\Userqwerty\PowerShell\Functions\Get-SoftwareReport.ps1: line 1512
PipelineIterationInfo : {}

PSMessageDetails      : 
Exception             : System.Management.Automation.RuntimeException: You cannot call a method on a null-valued expression.
                           at CallSite.Target(Closure , CallSite , Object , Object )
                           at <ScriptBlock>(Closure , FunctionContext )
TargetObject          : 
CategoryInfo          : InvalidOperation: (:) [], RuntimeException
FullyQualifiedErrorId : InvokeMethodOnNull
ErrorDetails          : 
InvocationInfo        : System.Management.Automation.InvocationInfo
ScriptStackTrace      : at <ScriptBlock>, C:\Users\Userqwerty\PowerShell\Functions\Get-SoftwareReport.ps1: line 97
                        at Global:Load-ListBoxItems, C:\Users\Userqwerty\PowerShell\Functions\Get-SoftwareReport.ps1: line 94
                        at <ScriptBlock>, C:\Users\Userqwerty\PowerShell\Functions\Get-SoftwareReport.ps1: line 639
                        at Update-JobTracker, C:\Users\Userqwerty\PowerShell\Functions\Get-SoftwareReport.ps1: line 838
                        at <ScriptBlock>, C:\Users\Userqwerty\PowerShell\Functions\Get-SoftwareReport.ps1: line 885
                        at Call-Get-SoftwareReport2_0_11a_pff, C:\Users\Userqwerty\PowerShell\Functions\Get-SoftwareReport.ps1: line 1504
                        at <ScriptBlock>, C:\Users\Userqwerty\PowerShell\Functions\Get-SoftwareReport.ps1: line 1512
PipelineIterationInfo : {}

PSMessageDetails      : 
Exception             : System.Management.Automation.RuntimeException: You cannot call a method on a null-valued expression.
                           at CallSite.Target(Closure , CallSite , Object , Object )
                           at <ScriptBlock>(Closure , FunctionContext )
TargetObject          : 
CategoryInfo          : InvalidOperation: (:) [], RuntimeException
FullyQualifiedErrorId : InvokeMethodOnNull
ErrorDetails          : 
InvocationInfo        : System.Management.Automation.InvocationInfo
ScriptStackTrace      : at <ScriptBlock>, C:\Users\Userqwerty\PowerShell\Functions\Get-SoftwareReport.ps1: line 97
                        at Global:Load-ListBoxItems, C:\Users\Userqwerty\PowerShell\Functions\Get-SoftwareReport.ps1: line 94
                        at <ScriptBlock>, C:\Users\Userqwerty\PowerShell\Functions\Get-SoftwareReport.ps1: line 639
                        at Update-JobTracker, C:\Users\Userqwerty\PowerShell\Functions\Get-SoftwareReport.ps1: line 838
                        at <ScriptBlock>, C:\Users\Userqwerty\PowerShell\Functions\Get-SoftwareReport.ps1: line 885
                        at Call-Get-SoftwareReport2_0_11a_pff, C:\Users\Userqwerty\PowerShell\Functions\Get-SoftwareReport.ps1: line 1504
                        at <ScriptBlock>, C:\Users\Userqwerty\PowerShell\Functions\Get-SoftwareReport.ps1: line 1512
PipelineIterationInfo : {}

PSMessageDetails      : 
Exception             : System.Management.Automation.RuntimeException: You cannot call a method on a null-valued expression.
                           at CallSite.Target(Closure , CallSite , Object , Object )
                           at <ScriptBlock>(Closure , FunctionContext )
TargetObject          : 
CategoryInfo          : InvalidOperation: (:) [], RuntimeException
FullyQualifiedErrorId : InvokeMethodOnNull
ErrorDetails          : 
InvocationInfo        : System.Management.Automation.InvocationInfo
ScriptStackTrace      : at <ScriptBlock>, C:\Users\Userqwerty\PowerShell\Functions\Get-SoftwareReport.ps1: line 97
                        at Global:Load-ListBoxItems, C:\Users\Userqwerty\PowerShell\Functions\Get-SoftwareReport.ps1: line 94
                        at <ScriptBlock>, C:\Users\Userqwerty\PowerShell\Functions\Get-SoftwareReport.ps1: line 639
                        at Update-JobTracker, C:\Users\Userqwerty\PowerShell\Functions\Get-SoftwareReport.ps1: line 838
                        at <ScriptBlock>, C:\Users\Userqwerty\PowerShell\Functions\Get-SoftwareReport.ps1: line 885
                        at Call-Get-SoftwareReport2_0_11a_pff, C:\Users\Userqwerty\PowerShell\Functions\Get-SoftwareReport.ps1: line 1504
                        at <ScriptBlock>, C:\Users\Userqwerty\PowerShell\Functions\Get-SoftwareReport.ps1: line 1512
PipelineIterationInfo : {}

PSMessageDetails      : 
Exception             : System.Management.Automation.RuntimeException: You cannot call a method on a null-valued expression.
                           at CallSite.Target(Closure , CallSite , Object , Object )
                           at <ScriptBlock>(Closure , FunctionContext )
TargetObject          : 
CategoryInfo          : InvalidOperation: (:) [], RuntimeException
FullyQualifiedErrorId : InvokeMethodOnNull
ErrorDetails          : 
InvocationInfo        : System.Management.Automation.InvocationInfo
ScriptStackTrace      : at <ScriptBlock>, C:\Users\Userqwerty\PowerShell\Functions\Get-SoftwareReport.ps1: line 97
                        at Global:Load-ListBoxItems, C:\Users\Userqwerty\PowerShell\Functions\Get-SoftwareReport.ps1: line 94
                        at <ScriptBlock>, C:\Users\Userqwerty\PowerShell\Functions\Get-SoftwareReport.ps1: line 639
                        at Update-JobTracker, C:\Users\Userqwerty\PowerShell\Functions\Get-SoftwareReport.ps1: line 838
                        at <ScriptBlock>, C:\Users\Userqwerty\PowerShell\Functions\Get-SoftwareReport.ps1: line 885
                        at Call-Get-SoftwareReport2_0_11a_pff, C:\Users\Userqwerty\PowerShell\Functions\Get-SoftwareReport.ps1: line 1504
                        at <ScriptBlock>, C:\Users\Userqwerty\PowerShell\Functions\Get-SoftwareReport.ps1: line 1512
PipelineIterationInfo : {}

PSMessageDetails      : 
Exception             : System.Management.Automation.RuntimeException: You cannot call a method on a null-valued expression.
                           at CallSite.Target(Closure , CallSite , Object , Object )
                           at <ScriptBlock>(Closure , FunctionContext )
TargetObject          : 
CategoryInfo          : InvalidOperation: (:) [], RuntimeException
FullyQualifiedErrorId : InvokeMethodOnNull
ErrorDetails          : 
InvocationInfo        : System.Management.Automation.InvocationInfo
ScriptStackTrace      : at <ScriptBlock>, C:\Users\Userqwerty\PowerShell\Functions\Get-SoftwareReport.ps1: line 97
                        at Global:Load-ListBoxItems, C:\Users\Userqwerty\PowerShell\Functions\Get-SoftwareReport.ps1: line 94
                        at <ScriptBlock>, C:\Users\Userqwerty\PowerShell\Functions\Get-SoftwareReport.ps1: line 639
                        at Update-JobTracker, C:\Users\Userqwerty\PowerShell\Functions\Get-SoftwareReport.ps1: line 838
                        at <ScriptBlock>, C:\Users\Userqwerty\PowerShell\Functions\Get-SoftwareReport.ps1: line 885
                        at Call-Get-SoftwareReport2_0_11a_pff, C:\Users\Userqwerty\PowerShell\Functions\Get-SoftwareReport.ps1: line 1504
                        at <ScriptBlock>, C:\Users\Userqwerty\PowerShell\Functions\Get-SoftwareReport.ps1: line 1512
PipelineIterationInfo : {}

PSMessageDetails      : 
Exception             : System.Management.Automation.RuntimeException: You cannot call a method on a null-valued expression.
                           at CallSite.Target(Closure , CallSite , Object , Object )
                           at <ScriptBlock>(Closure , FunctionContext )
TargetObject          : 
CategoryInfo          : InvalidOperation: (:) [], RuntimeException
FullyQualifiedErrorId : InvokeMethodOnNull
ErrorDetails          : 
InvocationInfo        : System.Management.Automation.InvocationInfo
ScriptStackTrace      : at <ScriptBlock>, C:\Users\Userqwerty\PowerShell\Functions\Get-SoftwareReport.ps1: line 97
                        at Global:Load-ListBoxItems, C:\Users\Userqwerty\PowerShell\Functions\Get-SoftwareReport.ps1: line 94
                        at <ScriptBlock>, C:\Users\Userqwerty\PowerShell\Functions\Get-SoftwareReport.ps1: line 639
                        at Update-JobTracker, C:\Users\Userqwerty\PowerShell\Functions\Get-SoftwareReport.ps1: line 838
                        at <ScriptBlock>, C:\Users\Userqwerty\PowerShell\Functions\Get-SoftwareReport.ps1: line 885
                        at Call-Get-SoftwareReport2_0_11a_pff, C:\Users\Userqwerty\PowerShell\Functions\Get-SoftwareReport.ps1: line 1504
                        at <ScriptBlock>, C:\Users\Userqwerty\PowerShell\Functions\Get-SoftwareReport.ps1: line 1512
PipelineIterationInfo : {}

PSMessageDetails      : 
Exception             : System.Management.Automation.RuntimeException: You cannot call a method on a null-valued expression.
                           at CallSite.Target(Closure , CallSite , Object , Object )
                           at <ScriptBlock>(Closure , FunctionContext )
TargetObject          : 
CategoryInfo          : InvalidOperation: (:) [], RuntimeException
FullyQualifiedErrorId : InvokeMethodOnNull
ErrorDetails          : 
InvocationInfo        : System.Management.Automation.InvocationInfo
ScriptStackTrace      : at <ScriptBlock>, C:\Users\Userqwerty\PowerShell\Functions\Get-SoftwareReport.ps1: line 97
                        at Global:Load-ListBoxItems, C:\Users\Userqwerty\PowerShell\Functions\Get-SoftwareReport.ps1: line 94
                        at <ScriptBlock>, C:\Users\Userqwerty\PowerShell\Functions\Get-SoftwareReport.ps1: line 639
                        at Update-JobTracker, C:\Users\Userqwerty\PowerShell\Functions\Get-SoftwareReport.ps1: line 838
                        at <ScriptBlock>, C:\Users\Userqwerty\PowerShell\Functions\Get-SoftwareReport.ps1: line 885
                        at Call-Get-SoftwareReport2_0_11a_pff, C:\Users\Userqwerty\PowerShell\Functions\Get-SoftwareReport.ps1: line 1504
                        at <ScriptBlock>, C:\Users\Userqwerty\PowerShell\Functions\Get-SoftwareReport.ps1: line 1512
PipelineIterationInfo : {}

PSMessageDetails      : 
Exception             : System.Management.Automation.RuntimeException: You cannot call a method on a null-valued expression.
                           at CallSite.Target(Closure , CallSite , Object , Object )
                           at <ScriptBlock>(Closure , FunctionContext )
TargetObject          : 
CategoryInfo          : InvalidOperation: (:) [], RuntimeException
FullyQualifiedErrorId : InvokeMethodOnNull
ErrorDetails          : 
InvocationInfo        : System.Management.Automation.InvocationInfo
ScriptStackTrace      : at <ScriptBlock>, C:\Users\Userqwerty\PowerShell\Functions\Get-SoftwareReport.ps1: line 97
                        at Global:Load-ListBoxItems, C:\Users\Userqwerty\PowerShell\Functions\Get-SoftwareReport.ps1: line 94
                        at <ScriptBlock>, C:\Users\Userqwerty\PowerShell\Functions\Get-SoftwareReport.ps1: line 639
                        at Update-JobTracker, C:\Users\Userqwerty\PowerShell\Functions\Get-SoftwareReport.ps1: line 838
                        at <ScriptBlock>, C:\Users\Userqwerty\PowerShell\Functions\Get-SoftwareReport.ps1: line 885
                        at Call-Get-SoftwareReport2_0_11a_pff, C:\Users\Userqwerty\PowerShell\Functions\Get-SoftwareReport.ps1: line 1504
                        at <ScriptBlock>, C:\Users\Userqwerty\PowerShell\Functions\Get-SoftwareReport.ps1: line 1512
PipelineIterationInfo : {}

PSMessageDetails      : 
Exception             : System.Management.Automation.RuntimeException: You cannot call a method on a null-valued expression.
                           at CallSite.Target(Closure , CallSite , Object , Object )
                           at <ScriptBlock>(Closure , FunctionContext )
TargetObject          : 
CategoryInfo          : InvalidOperation: (:) [], RuntimeException
FullyQualifiedErrorId : InvokeMethodOnNull
ErrorDetails          : 
InvocationInfo        : System.Management.Automation.InvocationInfo
ScriptStackTrace      : at <ScriptBlock>, C:\Users\Userqwerty\PowerShell\Functions\Get-SoftwareReport.ps1: line 97
                        at Global:Load-ListBoxItems, C:\Users\Userqwerty\PowerShell\Functions\Get-SoftwareReport.ps1: line 94
                        at <ScriptBlock>, C:\Users\Userqwerty\PowerShell\Functions\Get-SoftwareReport.ps1: line 639
                        at Update-JobTracker, C:\Users\Userqwerty\PowerShell\Functions\Get-SoftwareReport.ps1: line 838
                        at <ScriptBlock>, C:\Users\Userqwerty\PowerShell\Functions\Get-SoftwareReport.ps1: line 885
                        at Call-Get-SoftwareReport2_0_11a_pff, C:\Users\Userqwerty\PowerShell\Functions\Get-SoftwareReport.ps1: line 1504
                        at <ScriptBlock>, C:\Users\Userqwerty\PowerShell\Functions\Get-SoftwareReport.ps1: line 1512
PipelineIterationInfo : {}

PSMessageDetails      : 
Exception             : System.Management.Automation.ParameterBindingValidationException: Cannot validate argument on parameter 'ComputerName'. The argument is null or empty. Provide an argument that is not null or empty, and then try the command again. 
                        ---> System.Management.Automation.ValidationMetadataException: The argument is null or empty. Provide an argument that is not null or empty, and then try the command again.
                           at System.Management.Automation.ValidateNotNullOrEmptyAttribute.Validate(Object arguments, EngineIntrinsics engineIntrinsics)
                           at System.Management.Automation.ParameterBinderBase.BindParameter(CommandParameterInternal parameter, CompiledCommandParameter parameterMetadata, ParameterBindingFlags flags)
                           --- End of inner exception stack trace ---
                           at System.Management.Automation.ParameterBinderBase.BindParameter(CommandParameterInternal parameter, CompiledCommandParameter parameterMetadata, ParameterBindingFlags flags)
                           at System.Management.Automation.CmdletParameterBinderController.BindParameter(CommandParameterInternal argument, MergedCompiledCommandParameter parameter, ParameterBindingFlags flags)
                           at System.Management.Automation.CmdletParameterBinderController.BindParameter(UInt32 parameterSets, CommandParameterInternal argument, MergedCompiledCommandParameter parameter, ParameterBindingFlags flags)
                           at System.Management.Automation.CmdletParameterBinderController.BindParameters(UInt32 parameterSets, Collection`1 arguments)
                           at System.Management.Automation.CmdletParameterBinderController.BindCommandLineParametersNoValidation(Collection`1 arguments)
                           at System.Management.Automation.CmdletParameterBinderController.BindCommandLineParameters(Collection`1 arguments)
                           at System.Management.Automation.CommandProcessor.BindCommandLineParameters()
                           at System.Management.Automation.CommandProcessor.Prepare(IDictionary psDefaultParameterValues)
                           at System.Management.Automation.CommandProcessorBase.DoPrepare(IDictionary psDefaultParameterValues)
                           at System.Management.109.137.240.75.PipelineProcessor.Start(Boolean incomingStream)
                           at System.Management.109.137.240.75.PipelineProcessor.SynchronousExecuteEnumerate(Object input)
                        --- End of stack trace from previous location where exception was thrown ---
                           at System.Runtime.ExceptionServices.ExceptionDispatchInfo.Throw()
                           at System.Management.109.137.240.75.PipelineProcessor.SynchronousExecuteEnumerate(Object input)
                           at System.Management.Automation.PipelineOps.InvokePipeline(Object input, Boolean ignoreInput, CommandParameterInternal[][] pipeElements, CommandBaseAst[] pipeElementAsts, CommandRedirection[][] commandRedirections, 
                        FunctionContext funcContext)
                           at System.Management.Automation.Interpreter.ActionCallInstruction`6.Run(InterpretedFrame frame)
                           at System.Management.Automation.Interpreter.EnterTryCatchFinallyInstruction.Run(InterpretedFrame frame)
                           at System.Management.Automation.Interpreter.EnterTryCatchFinallyInstruction.Run(InterpretedFrame frame)
TargetObject          : 
CategoryInfo          : InvalidData: (:) [Test-Connection], ParameterBindingValidationException
FullyQualifiedErrorId : ParameterArgumentValidationError,Microsoft.PowerShell.Commands.TestConnectionCommand
ErrorDetails          : 
InvocationInfo        : System.Management.Automation.InvocationInfo
ScriptStackTrace      : at <ScriptBlock>, C:\Users\Userqwerty\PowerShell\Functions\Get-SoftwareReport.ps1: line 700
                        at Call-Get-SoftwareReport2_0_11a_pff, C:\Users\Userqwerty\PowerShell\Functions\Get-SoftwareReport.ps1: line 1504
                        at <ScriptBlock>, C:\Users\Userqwerty\PowerShell\Functions\Get-SoftwareReport.ps1: line 1512
PipelineIterationInfo : {}

PSMessageDetails      : 
Exception             : System.Management.Automation.RuntimeException: You cannot call a method on a null-valued expression.
                           at CallSite.Target(Closure , CallSite , Object , Object )
                           at <ScriptBlock>(Closure , FunctionContext )
TargetObject          : 
CategoryInfo          : InvalidOperation: (:) [], RuntimeException
FullyQualifiedErrorId : InvokeMethodOnNull
ErrorDetails          : 
InvocationInfo        : System.Management.Automation.InvocationInfo
ScriptStackTrace      : at <ScriptBlock>, C:\Users\Userqwerty\PowerShell\Functions\Get-SoftwareReport.ps1: line 97
                        at Global:Load-ListBoxItems, C:\Users\Userqwerty\PowerShell\Functions\Get-SoftwareReport.ps1: line 94
                        at <ScriptBlock>, C:\Users\Userqwerty\PowerShell\Functions\Get-SoftwareReport.ps1: line 639
                        at Update-JobTracker, C:\Users\Userqwerty\PowerShell\Functions\Get-SoftwareReport.ps1: line 838
                        at <ScriptBlock>, C:\Users\Userqwerty\PowerShell\Functions\Get-SoftwareReport.ps1: line 885
                        at Call-Get-SoftwareReport2_0_11a_pff, C:\Users\Userqwerty\PowerShell\Functions\Get-SoftwareReport.ps1: line 1504
                        at <ScriptBlock>, C:\Users\Userqwerty\PowerShell\Functions\Get-SoftwareReport.ps1: line 1512
PipelineIterationInfo : {}

PSMessageDetails      : 
Exception             : System.Management.Automation.RuntimeException: You cannot call a method on a null-valued expression.
                           at CallSite.Target(Closure , CallSite , Object , Object )
                           at <ScriptBlock>(Closure , FunctionContext )
TargetObject          : 
CategoryInfo          : InvalidOperation: (:) [], RuntimeException
FullyQualifiedErrorId : InvokeMethodOnNull
ErrorDetails          : 
InvocationInfo        : System.Management.Automation.InvocationInfo
ScriptStackTrace      : at <ScriptBlock>, C:\Users\Userqwerty\PowerShell\Functions\Get-SoftwareReport.ps1: line 97
                        at Global:Load-ListBoxItems, C:\Users\Userqwerty\PowerShell\Functions\Get-SoftwareReport.ps1: line 94
                        at <ScriptBlock>, C:\Users\Userqwerty\PowerShell\Functions\Get-SoftwareReport.ps1: line 639
                        at Update-JobTracker, C:\Users\Userqwerty\PowerShell\Functions\Get-SoftwareReport.ps1: line 838
                        at <ScriptBlock>, C:\Users\Userqwerty\PowerShell\Functions\Get-SoftwareReport.ps1: line 885
                        at Call-Get-SoftwareReport2_0_11a_pff, C:\Users\Userqwerty\PowerShell\Functions\Get-SoftwareReport.ps1: line 1504
                        at <ScriptBlock>, C:\Users\Userqwerty\PowerShell\Functions\Get-SoftwareReport.ps1: line 1512
PipelineIterationInfo : {}

PSMessageDetails      : 
Exception             : System.Management.Automation.RuntimeException: You cannot call a method on a null-valued expression.
                           at CallSite.Target(Closure , CallSite , Object , Object )
                           at <ScriptBlock>(Closure , FunctionContext )
TargetObject          : 
CategoryInfo          : InvalidOperation: (:) [], RuntimeException
FullyQualifiedErrorId : InvokeMethodOnNull
ErrorDetails          : 
InvocationInfo        : System.Management.Automation.InvocationInfo
ScriptStackTrace      : at <ScriptBlock>, C:\Users\Userqwerty\PowerShell\Functions\Get-SoftwareReport.ps1: line 97
                        at Global:Load-ListBoxItems, C:\Users\Userqwerty\PowerShell\Functions\Get-SoftwareReport.ps1: line 94
                        at <ScriptBlock>, C:\Users\Userqwerty\PowerShell\Functions\Get-SoftwareReport.ps1: line 639
                        at Update-JobTracker, C:\Users\Userqwerty\PowerShell\Functions\Get-SoftwareReport.ps1: line 838
                        at <ScriptBlock>, C:\Users\Userqwerty\PowerShell\Functions\Get-SoftwareReport.ps1: line 885
                        at Call-Get-SoftwareReport2_0_11a_pff, C:\Users\Userqwerty\PowerShell\Functions\Get-SoftwareReport.ps1: line 1504
                        at <ScriptBlock>, C:\Users\Userqwerty\PowerShell\Functions\Get-SoftwareReport.ps1: line 1512
PipelineIterationInfo : {}

PSMessageDetails      : 
Exception             : System.Management.Automation.RuntimeException: You cannot call a method on a null-valued expression.
                           at CallSite.Target(Closure , CallSite , Object , Object )
                           at <ScriptBlock>(Closure , FunctionContext )
TargetObject          : 
CategoryInfo          : InvalidOperation: (:) [], RuntimeException
FullyQualifiedErrorId : InvokeMethodOnNull
ErrorDetails          : 
InvocationInfo        : System.Management.Automation.InvocationInfo
ScriptStackTrace      : at <ScriptBlock>, C:\Users\Userqwerty\PowerShell\Functions\Get-SoftwareReport.ps1: line 97
                        at Global:Load-ListBoxItems, C:\Users\Userqwerty\PowerShell\Functions\Get-SoftwareReport.ps1: line 94
                        at <ScriptBlock>, C:\Users\Userqwerty\PowerShell\Functions\Get-SoftwareReport.ps1: line 639
                        at Update-JobTracker, C:\Users\Userqwerty\PowerShell\Functions\Get-SoftwareReport.ps1: line 838
                        at <ScriptBlock>, C:\Users\Userqwerty\PowerShell\Functions\Get-SoftwareReport.ps1: line 885
                        at Call-Get-SoftwareReport2_0_11a_pff, C:\Users\Userqwerty\PowerShell\Functions\Get-SoftwareReport.ps1: line 1504
                        at <ScriptBlock>, C:\Users\Userqwerty\PowerShell\Functions\Get-SoftwareReport.ps1: line 1512
PipelineIterationInfo : {}

PSMessageDetails      : 
Exception             : System.Management.Automation.RuntimeException: You cannot call a method on a null-valued expression.
                           at CallSite.Target(Closure , CallSite , Object , Object )
                           at <ScriptBlock>(Closure , FunctionContext )
TargetObject          : 
CategoryInfo          : InvalidOperation: (:) [], RuntimeException
FullyQualifiedErrorId : InvokeMethodOnNull
ErrorDetails          : 
InvocationInfo        : System.Management.Automation.InvocationInfo
ScriptStackTrace      : at <ScriptBlock>, C:\Users\Userqwerty\PowerShell\Functions\Get-SoftwareReport.ps1: line 97
                        at Global:Load-ListBoxItems, C:\Users\Userqwerty\PowerShell\Functions\Get-SoftwareReport.ps1: line 94
                        at <ScriptBlock>, C:\Users\Userqwerty\PowerShell\Functions\Get-SoftwareReport.ps1: line 639
                        at Update-JobTracker, C:\Users\Userqwerty\PowerShell\Functions\Get-SoftwareReport.ps1: line 838
                        at <ScriptBlock>, C:\Users\Userqwerty\PowerShell\Functions\Get-SoftwareReport.ps1: line 885
                        at Call-Get-SoftwareReport2_0_11a_pff, C:\Users\Userqwerty\PowerShell\Functions\Get-SoftwareReport.ps1: line 1504
                        at <ScriptBlock>, C:\Users\Userqwerty\PowerShell\Functions\Get-SoftwareReport.ps1: line 1512
PipelineIterationInfo : {}

PSMessageDetails      : 
Exception             : System.Management.Automation.RuntimeException: You cannot call a method on a null-valued expression.
                           at CallSite.Target(Closure , CallSite , Object , Object )
                           at <ScriptBlock>(Closure , FunctionContext )
TargetObject          : 
CategoryInfo          : InvalidOperation: (:) [], RuntimeException
FullyQualifiedErrorId : InvokeMethodOnNull
ErrorDetails          : 
InvocationInfo        : System.Management.Automation.InvocationInfo
ScriptStackTrace      : at <ScriptBlock>, C:\Users\Userqwerty\PowerShell\Functions\Get-SoftwareReport.ps1: line 97
                        at Global:Load-ListBoxItems, C:\Users\Userqwerty\PowerShell\Functions\Get-SoftwareReport.ps1: line 94
                        at <ScriptBlock>, C:\Users\Userqwerty\PowerShell\Functions\Get-SoftwareReport.ps1: line 639
                        at Update-JobTracker, C:\Users\Userqwerty\PowerShell\Functions\Get-SoftwareReport.ps1: line 838
                        at <ScriptBlock>, C:\Users\Userqwerty\PowerShell\Functions\Get-SoftwareReport.ps1: line 885
                        at Call-Get-SoftwareReport2_0_11a_pff, C:\Users\Userqwerty\PowerShell\Functions\Get-SoftwareReport.ps1: line 1504
                        at <ScriptBlock>, C:\Users\Userqwerty\PowerShell\Functions\Get-SoftwareReport.ps1: line 1512
PipelineIterationInfo : {}

PSMessageDetails      : 
Exception             : System.Management.Automation.RuntimeException: You cannot call a method on a null-valued expression.
                           at CallSite.Target(Closure , CallSite , Object , Object )
                           at <ScriptBlock>(Closure , FunctionContext )
TargetObject          : 
CategoryInfo          : InvalidOperation: (:) [], RuntimeException
FullyQualifiedErrorId : InvokeMethodOnNull
ErrorDetails          : 
InvocationInfo        : System.Management.Automation.InvocationInfo
ScriptStackTrace      : at <ScriptBlock>, C:\Users\Userqwerty\PowerShell\Functions\Get-SoftwareReport.ps1: line 97
                        at Global:Load-ListBoxItems, C:\Users\Userqwerty\PowerShell\Functions\Get-SoftwareReport.ps1: line 94
                        at <ScriptBlock>, C:\Users\Userqwerty\PowerShell\Functions\Get-SoftwareReport.ps1: line 639
                        at Update-JobTracker, C:\Users\Userqwerty\PowerShell\Functions\Get-SoftwareReport.ps1: line 838
                        at <ScriptBlock>, C:\Users\Userqwerty\PowerShell\Functions\Get-SoftwareReport.ps1: line 885
                        at Call-Get-SoftwareReport2_0_11a_pff, C:\Users\Userqwerty\PowerShell\Functions\Get-SoftwareReport.ps1: line 1504
                        at <ScriptBlock>, C:\Users\Userqwerty\PowerShell\Functions\Get-SoftwareReport.ps1: line 1512
PipelineIterationInfo : {}

PSMessageDetails      : 
Exception             : System.Management.Automation.RuntimeException: You cannot call a method on a null-valued expression.
                           at CallSite.Target(Closure , CallSite , Object , Object )
                           at <ScriptBlock>(Closure , FunctionContext )
TargetObject          : 
CategoryInfo          : InvalidOperation: (:) [], RuntimeException
FullyQualifiedErrorId : InvokeMethodOnNull
ErrorDetails          : 
InvocationInfo        : System.Management.Automation.InvocationInfo
ScriptStackTrace      : at <ScriptBlock>, C:\Users\Userqwerty\PowerShell\Functions\Get-SoftwareReport.ps1: line 97
                        at Global:Load-ListBoxItems, C:\Users\Userqwerty\PowerShell\Functions\Get-SoftwareReport.ps1: line 94
                        at <ScriptBlock>, C:\Users\Userqwerty\PowerShell\Functions\Get-SoftwareReport.ps1: line 639
                        at Update-JobTracker, C:\Users\Userqwerty\PowerShell\Functions\Get-SoftwareReport.ps1: line 838
                        at <ScriptBlock>, C:\Users\Userqwerty\PowerShell\Functions\Get-SoftwareReport.ps1: line 885
                        at Call-Get-SoftwareReport2_0_11a_pff, C:\Users\Userqwerty\PowerShell\Functions\Get-SoftwareReport.ps1: line 1504
                        at <ScriptBlock>, C:\Users\Userqwerty\PowerShell\Functions\Get-SoftwareReport.ps1: line 1512
PipelineIterationInfo : {}

PSMessageDetails      : 
Exception             : System.Management.Automation.RuntimeException: You cannot call a method on a null-valued expression.
                           at CallSite.Target(Closure , CallSite , Object , Object )
                           at <ScriptBlock>(Closure , FunctionContext )
TargetObject          : 
CategoryInfo          : InvalidOperation: (:) [], RuntimeException
FullyQualifiedErrorId : InvokeMethodOnNull
ErrorDetails          : 
InvocationInfo        : System.Management.Automation.InvocationInfo
ScriptStackTrace      : at <ScriptBlock>, C:\Users\Userqwerty\PowerShell\Functions\Get-SoftwareReport.ps1: line 97
                        at Global:Load-ListBoxItems, C:\Users\Userqwerty\PowerShell\Functions\Get-SoftwareReport.ps1: line 94
                        at <ScriptBlock>, C:\Users\Userqwerty\PowerShell\Functions\Get-SoftwareReport.ps1: line 639
                        at Update-JobTracker, C:\Users\Userqwerty\PowerShell\Functions\Get-SoftwareReport.ps1: line 838
                        at <ScriptBlock>, C:\Users\Userqwerty\PowerShell\Functions\Get-SoftwareReport.ps1: line 885
                        at Call-Get-SoftwareReport2_0_11a_pff, C:\Users\Userqwerty\PowerShell\Functions\Get-SoftwareReport.ps1: line 1504
                        at <ScriptBlock>, C:\Users\Userqwerty\PowerShell\Functions\Get-SoftwareReport.ps1: line 1512
PipelineIterationInfo : {}

PSMessageDetails      : 
Exception             : System.Management.Automation.RuntimeException: You cannot call a method on a null-valued expression.
                           at CallSite.Target(Closure , CallSite , Object , Object )
                           at <ScriptBlock>(Closure , FunctionContext )
TargetObject          : 
CategoryInfo          : InvalidOperation: (:) [], RuntimeException
FullyQualifiedErrorId : InvokeMethodOnNull
ErrorDetails          : 
InvocationInfo        : System.Management.Automation.InvocationInfo
ScriptStackTrace      : at <ScriptBlock>, C:\Users\Userqwerty\PowerShell\Functions\Get-SoftwareReport.ps1: line 97
                        at Global:Load-ListBoxItems, C:\Users\Userqwerty\PowerShell\Functions\Get-SoftwareReport.ps1: line 94
                        at <ScriptBlock>, C:\Users\Userqwerty\PowerShell\Functions\Get-SoftwareReport.ps1: line 639
                        at Update-JobTracker, C:\Users\Userqwerty\PowerShell\Functions\Get-SoftwareReport.ps1: line 838
                        at <ScriptBlock>, C:\Users\Userqwerty\PowerShell\Functions\Get-SoftwareReport.ps1: line 885
                        at Call-Get-SoftwareReport2_0_11a_pff, C:\Users\Userqwerty\PowerShell\Functions\Get-SoftwareReport.ps1: line 1504
                        at <ScriptBlock>, C:\Users\Userqwerty\PowerShell\Functions\Get-SoftwareReport.ps1: line 1512
PipelineIterationInfo : {}

PSMessageDetails      : 
Exception             : System.Management.Automation.RuntimeException: You cannot call a method on a null-valued expression.
                           at CallSite.Target(Closure , CallSite , Object , Object )
                           at <ScriptBlock>(Closure , FunctionContext )
TargetObject          : 
CategoryInfo          : InvalidOperation: (:) [], RuntimeException
FullyQualifiedErrorId : InvokeMethodOnNull
ErrorDetails          : 
InvocationInfo        : System.Management.Automation.InvocationInfo
ScriptStackTrace      : at <ScriptBlock>, C:\Users\Userqwerty\PowerShell\Functions\Get-SoftwareReport.ps1: line 97
                        at Global:Load-ListBoxItems, C:\Users\Userqwerty\PowerShell\Functions\Get-SoftwareReport.ps1: line 94
                        at <ScriptBlock>, C:\Users\Userqwerty\PowerShell\Functions\Get-SoftwareReport.ps1: line 639
                        at Update-JobTracker, C:\Users\Userqwerty\PowerShell\Functions\Get-SoftwareReport.ps1: line 838
                        at <ScriptBlock>, C:\Users\Userqwerty\PowerShell\Functions\Get-SoftwareReport.ps1: line 885
                        at Call-Get-SoftwareReport2_0_11a_pff, C:\Users\Userqwerty\PowerShell\Functions\Get-SoftwareReport.ps1: line 1504
                        at <ScriptBlock>, C:\Users\Userqwerty\PowerShell\Functions\Get-SoftwareReport.ps1: line 1512
PipelineIterationInfo : {}



